nom_estado;nom_pontoconexao;nom_modalidadeoperacao;nom_tipousina;nom_usina_conjunto;din_instante;val_geracaoprogramada;val_geracaoverificada;val_capacidadeinstalada;val_fatorcapacidade
CEARA;ALEX230kVA;Conjunto de Usinas;Solar;Conj. Alex;2023-07-01 00:00:00;0.0;0.0;278.397;0.0
CEARA;ALEX230kVA;Conjunto de Usinas;Solar;Conj. Alex;2023-07-01 01:00:00;0.0;0.0;278.397;0.0
CEARA;ALEX230kVA;Conjunto de Usinas;Solar;Conj. Alex;2023-07-01 02:00:00;0.0;0.0;278.397;0.0
CEARA;ALEX230kVA;Conjunto de Usinas;Solar;Conj. Alex;2023-07-01 03:00:00;0.0;0.0;278.397;0.0
CEARA;ALEX230kVA;Conjunto de Usinas;Solar;Conj. Alex;2023-07-01 04:00:00;0.0;0.0;278.397;0.0
CEARA;ALEX230kVA;Conjunto de Usinas;Solar;Conj. Alex;2023-07-01 05:00:00;1.5;0.374;278.397;0.0013434052809477
CEARA;ALEX230kVA;Conjunto de Usinas;Solar;Conj. Alex;2023-07-01 06:00:00;72.5;68.663;278.397;0.2466369968067184
CEARA;ALEX230kVA;Conjunto de Usinas;Solar;Conj. Alex;2023-07-01 07:00:00;163.0;221.63;278.397;0.7960933487070622
CEARA;ALEX230kVA;Conjunto de Usinas;Solar;Conj. Alex;2023-07-01 08:00:00;209.5;230.028;278.397;0.826258903651979
CEARA;ALEX230kVA;Conjunto de Usinas;Solar;Conj. Alex;2023-07-01 09:00:00;223.5;219.727;278.397;0.78925778654224
CEARA;ALEX230kVA;Conjunto de Usinas;Solar;Conj. Alex;2023-07-01 10:00:00;228.0;144.394;278.397;0.5186621982277106
CEARA;ALEX230kVA;Conjunto de Usinas;Solar;Conj. Alex;2023-07-01 11:00:00;224.0;187.237;278.397;0.6725539427508198
CEARA;ALEX230kVA;Conjunto de Usinas;Solar;Conj. Alex;2023-07-01 12:00:00;216.0;144.491;278.397;0.519010621522502
CEARA;ALEX230kVA;Conjunto de Usinas;Solar;Conj. Alex;2023-07-01 13:00:00;210.5;181.57;278.397;0.6521981199510052
CEARA;ALEX230kVA;Conjunto de Usinas;Solar;Conj. Alex;2023-07-01 14:00:00;199.0;145.669;278.397;0.5232419889582143
CEARA;ALEX230kVA;Conjunto de Usinas;Solar;Conj. Alex;2023-07-01 15:00:00;161.5;53.852;278.397;0.1934359924855512
CEARA;ALEX230kVA;Conjunto de Usinas;Solar;Conj. Alex;2023-07-01 16:00:00;87.0;50.748;278.397;0.1822864470522311
CEARA;ALEX230kVA;Conjunto de Usinas;Solar;Conj. Alex;2023-07-01 17:00:00;4.5;4.604;278.397;0.0165375345280301
CEARA;ALEX230kVA;Conjunto de Usinas;Solar;Conj. Alex;2023-07-01 18:00:00;0.0;0.0;278.397;0.0
CEARA;ALEX230kVA;Conjunto de Usinas;Solar;Conj. Alex;2023-07-01 19:00:00;0.0;0.0;278.397;0.0
CEARA;ALEX230kVA;Conjunto de Usinas;Solar;Conj. Alex;2023-07-01 20:00:00;0.0;0.0;278.397;0.0
CEARA;ALEX230kVA;Conjunto de Usinas;Solar;Conj. Alex;2023-07-01 21:00:00;0.0;0.0;278.397;0.0
CEARA;ALEX230kVA;Conjunto de Usinas;Solar;Conj. Alex;2023-07-01 22:00:00;0.0;0.0;278.397;0.0
CEARA;ALEX230kVA;Conjunto de Usinas;Solar;Conj. Alex;2023-07-01 23:00:00;0.0;0.0;278.397;0.0
CEARA;ALEX230kVA;Conjunto de Usinas;Solar;Conj. Alex;2023-07-02 00:00:00;0.0;0.0;278.397;0.0
CEARA;ALEX230kVA;Conjunto de Usinas;Solar;Conj. Alex;2023-07-02 01:00:00;0.0;0.0;278.397;0.0
CEARA;ALEX230kVA;Conjunto de Usinas;Solar;Conj. Alex;2023-07-02 02:00:00;0.0;0.0;278.397;0.0
CEARA;ALEX230kVA;Conjunto de Usinas;Solar;Conj. Alex;2023-07-02 03:00:00;0.0;0.0;278.397;0.0
CEARA;ALEX230kVA;Conjunto de Usinas;Solar;Conj. Alex;2023-07-02 04:00:00;0.0;0.0;278.397;0.0
CEARA;ALEX230kVA;Conjunto de Usinas;Solar;Conj. Alex;2023-07-02 05:00:00;2.0;0.0;278.397;0.0
CEARA;ALEX230kVA;Conjunto de Usinas;Solar;Conj. Alex;2023-07-02 06:00:00;80.5;0.0;278.397;0.0
CEARA;ALEX230kVA;Conjunto de Usinas;Solar;Conj. Alex;2023-07-02 07:00:00;167.0;8.544;278.397;0.0306899858834685
CEARA;ALEX230kVA;Conjunto de Usinas;Solar;Conj. Alex;2023-07-02 08:00:00;209.0;76.264;278.397;0.2739397335459793
CEARA;ALEX230kVA;Conjunto de Usinas;Solar;Conj. Alex;2023-07-02 09:00:00;221.5;171.498;278.397;0.6160195691763919
CEARA;ALEX230kVA;Conjunto de Usinas;Solar;Conj. Alex;2023-07-02 10:00:00;223.0;230.573;278.397;0.8282165396897236
CEARA;ALEX230kVA;Conjunto de Usinas;Solar;Conj. Alex;2023-07-02 11:00:00;218.0;212.81;278.397;0.7644119728301669
CEARA;ALEX230kVA;Conjunto de Usinas;Solar;Conj. Alex;2023-07-02 12:00:00;214.5;227.292;278.397;0.8164312115432278
CEARA;ALEX230kVA;Conjunto de Usinas;Solar;Conj. Alex;2023-07-02 13:00:00;209.0;225.513;278.397;0.8100410564769016
CEARA;ALEX230kVA;Conjunto de Usinas;Solar;Conj. Alex;2023-07-02 14:00:00;193.5;195.71;278.397;0.7029888971504721
CEARA;ALEX230kVA;Conjunto de Usinas;Solar;Conj. Alex;2023-07-02 15:00:00;153.5;217.887;278.397;0.7826485199193955
CEARA;ALEX230kVA;Conjunto de Usinas;Solar;Conj. Alex;2023-07-02 16:00:00;80.5;126.637;278.397;0.4548791833245329
CEARA;ALEX230kVA;Conjunto de Usinas;Solar;Conj. Alex;2023-07-02 17:00:00;3.0;6.889;278.397;0.0247452379156384
CEARA;ALEX230kVA;Conjunto de Usinas;Solar;Conj. Alex;2023-07-02 18:00:00;0.0;0.0;278.397;0.0
CEARA;ALEX230kVA;Conjunto de Usinas;Solar;Conj. Alex;2023-07-02 19:00:00;0.0;0.0;278.397;0.0
CEARA;ALEX230kVA;Conjunto de Usinas;Solar;Conj. Alex;2023-07-02 20:00:00;0.0;0.0;278.397;0.0
CEARA;ALEX230kVA;Conjunto de Usinas;Solar;Conj. Alex;2023-07-02 21:00:00;0.0;0.0;278.397;0.0
CEARA;ALEX230kVA;Conjunto de Usinas;Solar;Conj. Alex;2023-07-02 22:00:00;0.0;0.0;278.397;0.0
CEARA;ALEX230kVA;Conjunto de Usinas;Solar;Conj. Alex;2023-07-02 23:00:00;0.0;0.0;278.397;0.0
CEARA;ALEX230kVA;Conjunto de Usinas;Solar;Conj. Alex;2023-07-03 00:00:00;0.0;0.0;278.397;0.0
CEARA;ALEX230kVA;Conjunto de Usinas;Solar;Conj. Alex;2023-07-03 01:00:00;0.0;0.0;278.397;0.0
CEARA;ALEX230kVA;Conjunto de Usinas;Solar;Conj. Alex;2023-07-03 02:00:00;0.0;0.0;278.397;0.0
CEARA;ALEX230kVA;Conjunto de Usinas;Solar;Conj. Alex;2023-07-03 03:00:00;0.0;0.0;278.397;0.0
CEARA;ALEX230kVA;Conjunto de Usinas;Solar;Conj. Alex;2023-07-03 04:00:00;0.0;0.0;278.397;0.0
CEARA;ALEX230kVA;Conjunto de Usinas;Solar;Conj. Alex;2023-07-03 05:00:00;2.0;0.021;278.397;7.54318473259e-05
CEARA;ALEX230kVA;Conjunto de Usinas;Solar;Conj. Alex;2023-07-03 06:00:00;79.0;24.902;278.397;0.0894478029576468
CEARA;ALEX230kVA;Conjunto de Usinas;Solar;Conj. Alex;2023-07-03 07:00:00;163.5;174.866;278.397;0.628117400690381
CEARA;ALEX230kVA;Conjunto de Usinas;Solar;Conj. Alex;2023-07-03 08:00:00;202.5;223.995;278.397;0.804588411513055
CEARA;ALEX230kVA;Conjunto de Usinas;Solar;Conj. Alex;2023-07-03 09:00:00;211.5;204.275;278.397;0.7337543148812666
CEARA;ALEX230kVA;Conjunto de Usinas;Solar;Conj. Alex;2023-07-03 10:00:00;214.5;203.56;278.397;0.7311860400794548
CEARA;ALEX230kVA;Conjunto de Usinas;Solar;Conj. Alex;2023-07-03 11:00:00;214.5;228.715;278.397;0.8215426171977427
CEARA;ALEX230kVA;Conjunto de Usinas;Solar;Conj. Alex;2023-07-03 12:00:00;211.5;181.407;278.397;0.6516126251360467
CEARA;ALEX230kVA;Conjunto de Usinas;Solar;Conj. Alex;2023-07-03 13:00:00;209.5;193.612;278.397;0.6954528964033376
CEARA;ALEX230kVA;Conjunto de Usinas;Solar;Conj. Alex;2023-07-03 14:00:00;199.5;231.409;278.397;0.831219445611842
CEARA;ALEX230kVA;Conjunto de Usinas;Solar;Conj. Alex;2023-07-03 15:00:00;163.0;225.408;278.397;0.8096638972402719
CEARA;ALEX230kVA;Conjunto de Usinas;Solar;Conj. Alex;2023-07-03 16:00:00;87.5;122.006;278.397;0.438244664992798
CEARA;ALEX230kVA;Conjunto de Usinas;Solar;Conj. Alex;2023-07-03 17:00:00;4.0;8.279;278.397;0.0297381078100697
CEARA;ALEX230kVA;Conjunto de Usinas;Solar;Conj. Alex;2023-07-03 18:00:00;0.0;0.0;278.397;0.0
CEARA;ALEX230kVA;Conjunto de Usinas;Solar;Conj. Alex;2023-07-03 19:00:00;0.0;0.0;278.397;0.0
CEARA;ALEX230kVA;Conjunto de Usinas;Solar;Conj. Alex;2023-07-03 20:00:00;0.0;0.0;278.397;0.0
CEARA;ALEX230kVA;Conjunto de Usinas;Solar;Conj. Alex;2023-07-03 21:00:00;0.0;0.0;278.397;0.0
CEARA;ALEX230kVA;Conjunto de Usinas;Solar;Conj. Alex;2023-07-03 22:00:00;0.0;0.0;278.397;0.0
CEARA;ALEX230kVA;Conjunto de Usinas;Solar;Conj. Alex;2023-07-03 23:00:00;0.0;0.0;278.397;0.0
CEARA;ALEX230kVA;Conjunto de Usinas;Solar;Conj. Alex;2023-07-04 00:00:00;0.0;0.0;278.397;0.0
CEARA;ALEX230kVA;Conjunto de Usinas;Solar;Conj. Alex;2023-07-04 01:00:00;0.0;0.0;278.397;0.0
CEARA;ALEX230kVA;Conjunto de Usinas;Solar;Conj. Alex;2023-07-04 02:00:00;0.0;0.0;278.397;0.0
CEARA;ALEX230kVA;Conjunto de Usinas;Solar;Conj. Alex;2023-07-04 03:00:00;0.0;0.0;278.397;0.0
CEARA;ALEX230kVA;Conjunto de Usinas;Solar;Conj. Alex;2023-07-04 04:00:00;0.0;0.0;278.397;0.0
CEARA;ALEX230kVA;Conjunto de Usinas;Solar;Conj. Alex;2023-07-04 05:00:00;0.0;0.535;278.397;0.0019217161104465
CEARA;ALEX230kVA;Conjunto de Usinas;Solar;Conj. Alex;2023-07-04 06:00:00;32.5;90.488;278.397;0.32503223813475
CEARA;ALEX230kVA;Conjunto de Usinas;Solar;Conj. Alex;2023-07-04 07:00:00;124.5;228.404;278.397;0.8204255074587729
CEARA;ALEX230kVA;Conjunto de Usinas;Solar;Conj. Alex;2023-07-04 08:00:00;192.0;254.093;278.397;0.9127002086947776
CEARA;ALEX230kVA;Conjunto de Usinas;Solar;Conj. Alex;2023-07-04 09:00:00;219.0;262.465;278.397;0.9427723718287194
CEARA;ALEX230kVA;Conjunto de Usinas;Solar;Conj. Alex;2023-07-04 10:00:00;220.5;265.653;278.397;0.9542236446513432
CEARA;ALEX230kVA;Conjunto de Usinas;Solar;Conj. Alex;2023-07-04 11:00:00;211.5;265.429;278.397;0.9534190382798664
CEARA;ALEX230kVA;Conjunto de Usinas;Solar;Conj. Alex;2023-07-04 12:00:00;203.0;266.049;278.397;0.9556460737723466
CEARA;ALEX230kVA;Conjunto de Usinas;Solar;Conj. Alex;2023-07-04 13:00:00;197.5;261.178;278.397;0.938149477185458
CEARA;ALEX230kVA;Conjunto de Usinas;Solar;Conj. Alex;2023-07-04 14:00:00;190.0;232.929;278.397;0.8366792745611482
CEARA;ALEX230kVA;Conjunto de Usinas;Solar;Conj. Alex;2023-07-04 15:00:00;158.0;227.708;278.397;0.8179254805188274
CEARA;ALEX230kVA;Conjunto de Usinas;Solar;Conj. Alex;2023-07-04 16:00:00;88.5;131.889;278.397;0.4737443291414778
CEARA;ALEX230kVA;Conjunto de Usinas;Solar;Conj. Alex;2023-07-04 17:00:00;6.0;5.957;278.397;0.0213975006914586
CEARA;ALEX230kVA;Conjunto de Usinas;Solar;Conj. Alex;2023-07-04 18:00:00;0.0;0.0;278.397;0.0
CEARA;ALEX230kVA;Conjunto de Usinas;Solar;Conj. Alex;2023-07-04 19:00:00;0.0;0.0;278.397;0.0
CEARA;ALEX230kVA;Conjunto de Usinas;Solar;Conj. Alex;2023-07-04 20:00:00;0.0;0.0;278.397;0.0
CEARA;ALEX230kVA;Conjunto de Usinas;Solar;Conj. Alex;2023-07-04 21:00:00;0.0;0.0;278.397;0.0
CEARA;ALEX230kVA;Conjunto de Usinas;Solar;Conj. Alex;2023-07-04 22:00:00;0.0;0.0;278.397;0.0
CEARA;ALEX230kVA;Conjunto de Usinas;Solar;Conj. Alex;2023-07-04 23:00:00;0.0;0.0;278.397;0.0
CEARA;ALEX230kVA;Conjunto de Usinas;Solar;Conj. Alex;2023-07-05 00:00:00;0.0;0.0;278.397;0.0
CEARA;ALEX230kVA;Conjunto de Usinas;Solar;Conj. Alex;2023-07-05 01:00:00;0.0;0.0;278.397;0.0
CEARA;ALEX230kVA;Conjunto de Usinas;Solar;Conj. Alex;2023-07-05 02:00:00;0.0;0.0;278.397;0.0
CEARA;ALEX230kVA;Conjunto de Usinas;Solar;Conj. Alex;2023-07-05 03:00:00;0.0;0.0;278.397;0.0
CEARA;ALEX230kVA;Conjunto de Usinas;Solar;Conj. Alex;2023-07-05 04:00:00;0.0;0.0;278.397;0.0
CEARA;ALEX230kVA;Conjunto de Usinas;Solar;Conj. Alex;2023-07-05 05:00:00;1.5;0.77;278.397;0.0027658344019511
CEARA;ALEX230kVA;Conjunto de Usinas;Solar;Conj. Alex;2023-07-05 06:00:00;76.0;93.646;278.397;0.3363757511754796
CEARA;ALEX230kVA;Conjunto de Usinas;Solar;Conj. Alex;2023-07-05 07:00:00;172.5;229.227;278.397;0.8233817174754038
CEARA;ALEX230kVA;Conjunto de Usinas;Solar;Conj. Alex;2023-07-05 08:00:00;217.0;257.076;278.397;0.923415123007791
CEARA;ALEX230kVA;Conjunto de Usinas;Solar;Conj. Alex;2023-07-05 09:00:00;222.5;265.969;278.397;0.955358714353962
CEARA;ALEX230kVA;Conjunto de Usinas;Solar;Conj. Alex;2023-07-05 10:00:00;224.5;268.414;278.397;0.9641411365783396
CEARA;ALEX230kVA;Conjunto de Usinas;Solar;Conj. Alex;2023-07-05 11:00:00;223.5;267.846;278.397;0.9621008847078092
CEARA;ALEX230kVA;Conjunto de Usinas;Solar;Conj. Alex;2023-07-05 12:00:00;214.5;239.437;278.397;0.8600559632467303
CEARA;ALEX230kVA;Conjunto de Usinas;Solar;Conj. Alex;2023-07-05 13:00:00;208.0;250.301;278.397;0.8990793722633506
CEARA;ALEX230kVA;Conjunto de Usinas;Solar;Conj. Alex;2023-07-05 14:00:00;196.0;250.739;278.397;0.9006526650790058
CEARA;ALEX230kVA;Conjunto de Usinas;Solar;Conj. Alex;2023-07-05 15:00:00;159.0;226.823;278.397;0.8147465669529484
CEARA;ALEX230kVA;Conjunto de Usinas;Solar;Conj. Alex;2023-07-05 16:00:00;86.0;128.705;278.397;0.4623074242897732
CEARA;ALEX230kVA;Conjunto de Usinas;Solar;Conj. Alex;2023-07-05 17:00:00;5.0;7.595;278.397;0.0272811847828819
CEARA;ALEX230kVA;Conjunto de Usinas;Solar;Conj. Alex;2023-07-05 18:00:00;0.0;0.0;278.397;0.0
CEARA;ALEX230kVA;Conjunto de Usinas;Solar;Conj. Alex;2023-07-05 19:00:00;0.0;0.0;278.397;0.0
CEARA;ALEX230kVA;Conjunto de Usinas;Solar;Conj. Alex;2023-07-05 20:00:00;0.0;0.0;278.397;0.0
CEARA;ALEX230kVA;Conjunto de Usinas;Solar;Conj. Alex;2023-07-05 21:00:00;0.0;0.0;278.397;0.0
CEARA;ALEX230kVA;Conjunto de Usinas;Solar;Conj. Alex;2023-07-05 22:00:00;0.0;0.0;278.397;0.0
CEARA;ALEX230kVA;Conjunto de Usinas;Solar;Conj. Alex;2023-07-05 23:00:00;0.0;0.0;278.397;0.0
CEARA;ALEX230kVA;Conjunto de Usinas;Solar;Conj. Alex;2023-07-06 00:00:00;0.0;0.0;278.397;0.0
CEARA;ALEX230kVA;Conjunto de Usinas;Solar;Conj. Alex;2023-07-06 01:00:00;0.0;0.0;278.397;0.0
CEARA;ALEX230kVA;Conjunto de Usinas;Solar;Conj. Alex;2023-07-06 02:00:00;0.0;0.0;278.397;0.0
CEARA;ALEX230kVA;Conjunto de Usinas;Solar;Conj. Alex;2023-07-06 03:00:00;0.0;0.0;278.397;0.0
CEARA;ALEX230kVA;Conjunto de Usinas;Solar;Conj. Alex;2023-07-06 04:00:00;0.0;0.0;278.397;0.0
CEARA;ALEX230kVA;Conjunto de Usinas;Solar;Conj. Alex;2023-07-06 05:00:00;2.0;0.87;278.397;0.0031250336749318
CEARA;ALEX230kVA;Conjunto de Usinas;Solar;Conj. Alex;2023-07-06 06:00:00;82.0;53.318;278.397;0.1915178683678344
CEARA;ALEX230kVA;Conjunto de Usinas;Solar;Conj. Alex;2023-07-06 07:00:00;177.5;219.126;278.397;0.7870989989116262
CEARA;ALEX230kVA;Conjunto de Usinas;Solar;Conj. Alex;2023-07-06 08:00:00;222.0;233.527;278.397;0.8388272862135727
CEARA;ALEX230kVA;Conjunto de Usinas;Solar;Conj. Alex;2023-07-06 09:00:00;228.5;259.482;278.397;0.932057457515706
CEARA;ALEX230kVA;Conjunto de Usinas;Solar;Conj. Alex;2023-07-06 10:00:00;223.0;246.123;278.397;0.884072026638218
CEARA;ALEX230kVA;Conjunto de Usinas;Solar;Conj. Alex;2023-07-06 11:00:00;213.5;168.994;278.397;0.6070252193809559
CEARA;ALEX230kVA;Conjunto de Usinas;Solar;Conj. Alex;2023-07-06 12:00:00;202.0;166.916;278.397;0.5995610584884176
CEARA;ALEX230kVA;Conjunto de Usinas;Solar;Conj. Alex;2023-07-06 13:00:00;187.0;138.11;278.397;0.4960901159136053
CEARA;ALEX230kVA;Conjunto de Usinas;Solar;Conj. Alex;2023-07-06 14:00:00;175.0;52.064;278.397;0.1870135094846568
CEARA;ALEX230kVA;Conjunto de Usinas;Solar;Conj. Alex;2023-07-06 15:00:00;146.0;25.268;278.397;0.090762472296756
CEARA;ALEX230kVA;Conjunto de Usinas;Solar;Conj. Alex;2023-07-06 16:00:00;82.0;23.735;278.397;0.0852559474419623
CEARA;ALEX230kVA;Conjunto de Usinas;Solar;Conj. Alex;2023-07-06 17:00:00;4.0;2.067;278.397;0.0074246489725104
CEARA;ALEX230kVA;Conjunto de Usinas;Solar;Conj. Alex;2023-07-06 18:00:00;0.0;0.0;278.397;0.0
CEARA;ALEX230kVA;Conjunto de Usinas;Solar;Conj. Alex;2023-07-06 19:00:00;0.0;0.0;278.397;0.0
CEARA;ALEX230kVA;Conjunto de Usinas;Solar;Conj. Alex;2023-07-06 20:00:00;0.0;0.0;278.397;0.0
CEARA;ALEX230kVA;Conjunto de Usinas;Solar;Conj. Alex;2023-07-06 21:00:00;0.0;0.0;278.397;0.0
CEARA;ALEX230kVA;Conjunto de Usinas;Solar;Conj. Alex;2023-07-06 22:00:00;0.0;0.0;278.397;0.0
CEARA;ALEX230kVA;Conjunto de Usinas;Solar;Conj. Alex;2023-07-06 23:00:00;0.0;0.0;278.397;0.0
CEARA;ALEX230kVA;Conjunto de Usinas;Solar;Conj. Alex;2023-07-07 00:00:00;0.0;0.0;278.397;0.0
CEARA;ALEX230kVA;Conjunto de Usinas;Solar;Conj. Alex;2023-07-07 01:00:00;0.0;0.0;278.397;0.0
CEARA;ALEX230kVA;Conjunto de Usinas;Solar;Conj. Alex;2023-07-07 02:00:00;0.0;0.0;278.397;0.0
CEARA;ALEX230kVA;Conjunto de Usinas;Solar;Conj. Alex;2023-07-07 03:00:00;0.0;0.0;278.397;0.0
CEARA;ALEX230kVA;Conjunto de Usinas;Solar;Conj. Alex;2023-07-07 04:00:00;0.0;0.0;278.397;0.0
CEARA;ALEX230kVA;Conjunto de Usinas;Solar;Conj. Alex;2023-07-07 05:00:00;2.0;0.178;278.397;0.0006393747059055
CEARA;ALEX230kVA;Conjunto de Usinas;Solar;Conj. Alex;2023-07-07 06:00:00;81.5;66.291;278.397;0.2381167900516169
CEARA;ALEX230kVA;Conjunto de Usinas;Solar;Conj. Alex;2023-07-07 07:00:00;167.5;186.397;278.397;0.6695366688577822
CEARA;ALEX230kVA;Conjunto de Usinas;Solar;Conj. Alex;2023-07-07 08:00:00;208.0;204.254;278.397;0.7336788830339407
CEARA;ALEX230kVA;Conjunto de Usinas;Solar;Conj. Alex;2023-07-07 09:00:00;218.0;209.683;278.397;0.7531798115640613
CEARA;ALEX230kVA;Conjunto de Usinas;Solar;Conj. Alex;2023-07-07 10:00:00;221.5;214.504;278.397;0.7704968085144595
CEARA;ALEX230kVA;Conjunto de Usinas;Solar;Conj. Alex;2023-07-07 11:00:00;222.0;147.521;278.397;0.5298943594938162
CEARA;ALEX230kVA;Conjunto de Usinas;Solar;Conj. Alex;2023-07-07 12:00:00;218.0;184.862;278.397;0.6640229600175289
CEARA;ALEX230kVA;Conjunto de Usinas;Solar;Conj. Alex;2023-07-07 13:00:00;209.5;200.582;278.397;0.7204890857300904
CEARA;ALEX230kVA;Conjunto de Usinas;Solar;Conj. Alex;2023-07-07 14:00:00;197.5;189.176;278.397;0.679518816653915
CEARA;ALEX230kVA;Conjunto de Usinas;Solar;Conj. Alex;2023-07-07 15:00:00;162.0;185.536;278.397;0.6664439631174186
CEARA;ALEX230kVA;Conjunto de Usinas;Solar;Conj. Alex;2023-07-07 16:00:00;87.5;71.216;278.397;0.255807354245915
CEARA;ALEX230kVA;Conjunto de Usinas;Solar;Conj. Alex;2023-07-07 17:00:00;4.5;4.178;278.397;0.0150073456251324
CEARA;ALEX230kVA;Conjunto de Usinas;Solar;Conj. Alex;2023-07-07 18:00:00;0.0;0.0;278.397;0.0
CEARA;ALEX230kVA;Conjunto de Usinas;Solar;Conj. Alex;2023-07-07 19:00:00;0.0;0.0;278.397;0.0
CEARA;ALEX230kVA;Conjunto de Usinas;Solar;Conj. Alex;2023-07-07 20:00:00;0.0;0.0;278.397;0.0
CEARA;ALEX230kVA;Conjunto de Usinas;Solar;Conj. Alex;2023-07-07 21:00:00;0.0;0.0;278.397;0.0
CEARA;ALEX230kVA;Conjunto de Usinas;Solar;Conj. Alex;2023-07-07 22:00:00;0.0;0.0;278.397;0.0
CEARA;ALEX230kVA;Conjunto de Usinas;Solar;Conj. Alex;2023-07-07 23:00:00;0.0;0.0;278.397;0.0
CEARA;ALEX230kVA;Conjunto de Usinas;Solar;Conj. Alex;2023-07-08 00:00:00;0.0;0.0;278.397;0.0
CEARA;ALEX230kVA;Conjunto de Usinas;Solar;Conj. Alex;2023-07-08 01:00:00;0.0;0.0;278.397;0.0
CEARA;ALEX230kVA;Conjunto de Usinas;Solar;Conj. Alex;2023-07-08 02:00:00;0.0;0.0;278.397;0.0
CEARA;ALEX230kVA;Conjunto de Usinas;Solar;Conj. Alex;2023-07-08 03:00:00;0.0;0.0;278.397;0.0
CEARA;ALEX230kVA;Conjunto de Usinas;Solar;Conj. Alex;2023-07-08 04:00:00;0.0;0.0;278.397;0.0
CEARA;ALEX230kVA;Conjunto de Usinas;Solar;Conj. Alex;2023-07-08 05:00:00;2.0;0.366;278.397;0.0013146693391092
CEARA;ALEX230kVA;Conjunto de Usinas;Solar;Conj. Alex;2023-07-08 06:00:00;79.0;75.184;278.397;0.270060381397788
CEARA;ALEX230kVA;Conjunto de Usinas;Solar;Conj. Alex;2023-07-08 07:00:00;167.5;214.609;278.397;0.7708739677510892
CEARA;ALEX230kVA;Conjunto de Usinas;Solar;Conj. Alex;2023-07-08 08:00:00;211.5;232.531;278.397;0.8352496614546852
CEARA;ALEX230kVA;Conjunto de Usinas;Solar;Conj. Alex;2023-07-08 09:00:00;223.5;182.981;278.397;0.6572664216927624
CEARA;ALEX230kVA;Conjunto de Usinas;Solar;Conj. Alex;2023-07-08 10:00:00;224.5;183.215;278.397;0.6581069479915372
CEARA;ALEX230kVA;Conjunto de Usinas;Solar;Conj. Alex;2023-07-08 11:00:00;219.5;154.162;278.397;0.5537487832124627
CEARA;ALEX230kVA;Conjunto de Usinas;Solar;Conj. Alex;2023-07-08 12:00:00;212.0;174.454;278.397;0.6266374996857006
CEARA;ALEX230kVA;Conjunto de Usinas;Solar;Conj. Alex;2023-07-08 13:00:00;203.0;195.83;278.397;0.7034199362780489
CEARA;ALEX230kVA;Conjunto de Usinas;Solar;Conj. Alex;2023-07-08 14:00:00;182.5;195.015;278.397;0.7004924622032564
CEARA;ALEX230kVA;Conjunto de Usinas;Solar;Conj. Alex;2023-07-08 15:00:00;141.0;189.546;278.397;0.6808478539639435
CEARA;ALEX230kVA;Conjunto de Usinas;Solar;Conj. Alex;2023-07-08 16:00:00;71.5;90.485;278.397;0.3250214621565605
CEARA;ALEX230kVA;Conjunto de Usinas;Solar;Conj. Alex;2023-07-08 17:00:00;2.5;6.108;278.397;0.0219398915936594
CEARA;ALEX230kVA;Conjunto de Usinas;Solar;Conj. Alex;2023-07-08 18:00:00;0.0;0.0;278.397;0.0
CEARA;ALEX230kVA;Conjunto de Usinas;Solar;Conj. Alex;2023-07-08 19:00:00;0.0;0.0;278.397;0.0
CEARA;ALEX230kVA;Conjunto de Usinas;Solar;Conj. Alex;2023-07-08 20:00:00;0.0;0.0;278.397;0.0
CEARA;ALEX230kVA;Conjunto de Usinas;Solar;Conj. Alex;2023-07-08 21:00:00;0.0;0.0;278.397;0.0
CEARA;ALEX230kVA;Conjunto de Usinas;Solar;Conj. Alex;2023-07-08 22:00:00;0.0;0.0;278.397;0.0
CEARA;ALEX230kVA;Conjunto de Usinas;Solar;Conj. Alex;2023-07-08 23:00:00;0.0;0.0;278.397;0.0
CEARA;ALEX230kVA;Conjunto de Usinas;Solar;Conj. Alex;2023-07-09 00:00:00;0.0;0.0;278.397;0.0
CEARA;ALEX230kVA;Conjunto de Usinas;Solar;Conj. Alex;2023-07-09 01:00:00;0.0;0.0;278.397;0.0
CEARA;ALEX230kVA;Conjunto de Usinas;Solar;Conj. Alex;2023-07-09 02:00:00;0.0;0.0;278.397;0.0
CEARA;ALEX230kVA;Conjunto de Usinas;Solar;Conj. Alex;2023-07-09 03:00:00;0.0;0.0;278.397;0.0
CEARA;ALEX230kVA;Conjunto de Usinas;Solar;Conj. Alex;2023-07-09 04:00:00;0.0;0.0;278.397;0.0
CEARA;ALEX230kVA;Conjunto de Usinas;Solar;Conj. Alex;2023-07-09 05:00:00;1.5;0.251;278.397;0.0009015901751814
CEARA;ALEX230kVA;Conjunto de Usinas;Solar;Conj. Alex;2023-07-09 06:00:00;77.5;80.277;278.397;0.2883544003706936
CEARA;ALEX230kVA;Conjunto de Usinas;Solar;Conj. Alex;2023-07-09 07:00:00;163.0;144.948;278.397;0.5206521622000237
CEARA;ALEX230kVA;Conjunto de Usinas;Solar;Conj. Alex;2023-07-09 08:00:00;204.0;109.629;278.397;0.3937865709759803
CEARA;ALEX230kVA;Conjunto de Usinas;Solar;Conj. Alex;2023-07-09 09:00:00;211.0;173.523;278.397;0.6232933544542505
CEARA;ALEX230kVA;Conjunto de Usinas;Solar;Conj. Alex;2023-07-09 10:00:00;216.0;177.917;278.397;0.6390765705090212
CEARA;ALEX230kVA;Conjunto de Usinas;Solar;Conj. Alex;2023-07-09 11:00:00;212.5;228.095;278.397;0.8193155817052626
CEARA;ALEX230kVA;Conjunto de Usinas;Solar;Conj. Alex;2023-07-09 12:00:00;205.0;214.778;278.397;0.7714810145224266
CEARA;ALEX230kVA;Conjunto de Usinas;Solar;Conj. Alex;2023-07-09 13:00:00;192.0;172.131;278.397;0.6182933005743596
CEARA;ALEX230kVA;Conjunto de Usinas;Solar;Conj. Alex;2023-07-09 14:00:00;183.0;157.142;278.397;0.5644529215472867
CEARA;ALEX230kVA;Conjunto de Usinas;Solar;Conj. Alex;2023-07-09 15:00:00;152.0;193.679;278.397;0.6956935599162347
CEARA;ALEX230kVA;Conjunto de Usinas;Solar;Conj. Alex;2023-07-09 16:00:00;78.5;26.869;278.397;0.0965132526571766
CEARA;ALEX230kVA;Conjunto de Usinas;Solar;Conj. Alex;2023-07-09 17:00:00;2.0;2.842;278.397;0.0102084433381106
CEARA;ALEX230kVA;Conjunto de Usinas;Solar;Conj. Alex;2023-07-09 18:00:00;0.0;0.0;278.397;0.0
CEARA;ALEX230kVA;Conjunto de Usinas;Solar;Conj. Alex;2023-07-09 19:00:00;0.0;0.0;278.397;0.0
CEARA;ALEX230kVA;Conjunto de Usinas;Solar;Conj. Alex;2023-07-09 20:00:00;0.0;0.0;278.397;0.0
CEARA;ALEX230kVA;Conjunto de Usinas;Solar;Conj. Alex;2023-07-09 21:00:00;0.0;0.0;278.397;0.0
CEARA;ALEX230kVA;Conjunto de Usinas;Solar;Conj. Alex;2023-07-09 22:00:00;0.0;0.0;278.397;0.0
CEARA;ALEX230kVA;Conjunto de Usinas;Solar;Conj. Alex;2023-07-09 23:00:00;0.0;0.0;278.397;0.0
CEARA;ALEX230kVA;Conjunto de Usinas;Solar;Conj. Alex;2023-07-10 00:00:00;0.0;0.0;278.397;0.0
CEARA;ALEX230kVA;Conjunto de Usinas;Solar;Conj. Alex;2023-07-10 01:00:00;0.0;0.0;278.397;0.0
CEARA;ALEX230kVA;Conjunto de Usinas;Solar;Conj. Alex;2023-07-10 02:00:00;0.0;0.0;278.397;0.0
CEARA;ALEX230kVA;Conjunto de Usinas;Solar;Conj. Alex;2023-07-10 03:00:00;0.0;0.0;278.397;0.0
CEARA;ALEX230kVA;Conjunto de Usinas;Solar;Conj. Alex;2023-07-10 04:00:00;0.0;0.0;278.397;0.0
CEARA;ALEX230kVA;Conjunto de Usinas;Solar;Conj. Alex;2023-07-10 05:00:00;1.5;0.265;278.397;0.0009518780733987
CEARA;ALEX230kVA;Conjunto de Usinas;Solar;Conj. Alex;2023-07-10 06:00:00;81.0;43.033;278.397;0.1545742231417723
CEARA;ALEX230kVA;Conjunto de Usinas;Solar;Conj. Alex;2023-07-10 07:00:00;173.5;216.906;278.397;0.7791247750514552
CEARA;ALEX230kVA;Conjunto de Usinas;Solar;Conj. Alex;2023-07-10 08:00:00;220.5;190.25;278.397;0.6833766168457275
CEARA;ALEX230kVA;Conjunto de Usinas;Solar;Conj. Alex;2023-07-10 09:00:00;235.5;202.601;278.397;0.7277413190515702
CEARA;ALEX230kVA;Conjunto de Usinas;Solar;Conj. Alex;2023-07-10 10:00:00;235.5;227.671;278.397;0.8177925767878245
CEARA;ALEX230kVA;Conjunto de Usinas;Solar;Conj. Alex;2023-07-10 11:00:00;227.0;196.866;278.397;0.7071412407461287
CEARA;ALEX230kVA;Conjunto de Usinas;Solar;Conj. Alex;2023-07-10 12:00:00;220.5;242.795;278.397;0.8721178748334213
CEARA;ALEX230kVA;Conjunto de Usinas;Solar;Conj. Alex;2023-07-10 13:00:00;216.0;211.06;278.397;0.7581259855530053
CEARA;ALEX230kVA;Conjunto de Usinas;Solar;Conj. Alex;2023-07-10 14:00:00;201.5;190.822;278.397;0.6854312366871769
CEARA;ALEX230kVA;Conjunto de Usinas;Solar;Conj. Alex;2023-07-10 15:00:00;162.0;221.84;278.397;0.7968476671803216
CEARA;ALEX230kVA;Conjunto de Usinas;Solar;Conj. Alex;2023-07-10 16:00:00;85.0;128.989;278.397;0.4633275502250383
CEARA;ALEX230kVA;Conjunto de Usinas;Solar;Conj. Alex;2023-07-10 17:00:00;3.5;6.644;278.397;0.0238651996968358
CEARA;ALEX230kVA;Conjunto de Usinas;Solar;Conj. Alex;2023-07-10 18:00:00;0.0;0.0;278.397;0.0
CEARA;ALEX230kVA;Conjunto de Usinas;Solar;Conj. Alex;2023-07-10 19:00:00;0.0;0.0;278.397;0.0
CEARA;ALEX230kVA;Conjunto de Usinas;Solar;Conj. Alex;2023-07-10 20:00:00;0.0;0.0;278.397;0.0
CEARA;ALEX230kVA;Conjunto de Usinas;Solar;Conj. Alex;2023-07-10 21:00:00;0.0;0.0;278.397;0.0
CEARA;ALEX230kVA;Conjunto de Usinas;Solar;Conj. Alex;2023-07-10 22:00:00;0.0;0.0;278.397;0.0
CEARA;ALEX230kVA;Conjunto de Usinas;Solar;Conj. Alex;2023-07-10 23:00:00;0.0;0.0;278.397;0.0
CEARA;ALEX230kVA;Conjunto de Usinas;Solar;Conj. Alex;2023-07-11 00:00:00;0.0;0.0;278.397;0.0
CEARA;ALEX230kVA;Conjunto de Usinas;Solar;Conj. Alex;2023-07-11 01:00:00;0.0;0.0;278.397;0.0
CEARA;ALEX230kVA;Conjunto de Usinas;Solar;Conj. Alex;2023-07-11 02:00:00;0.0;0.0;278.397;0.0
CEARA;ALEX230kVA;Conjunto de Usinas;Solar;Conj. Alex;2023-07-11 03:00:00;0.0;0.0;278.397;0.0
CEARA;ALEX230kVA;Conjunto de Usinas;Solar;Conj. Alex;2023-07-11 04:00:00;0.0;0.0;278.397;0.0
CEARA;ALEX230kVA;Conjunto de Usinas;Solar;Conj. Alex;2023-07-11 05:00:00;1.5;0.56;278.397;0.0020115159286917
CEARA;ALEX230kVA;Conjunto de Usinas;Solar;Conj. Alex;2023-07-11 06:00:00;80.0;95.082;278.397;0.341533852735482
CEARA;ALEX230kVA;Conjunto de Usinas;Solar;Conj. Alex;2023-07-11 07:00:00;176.5;231.763;278.397;0.8324910110381936
CEARA;ALEX230kVA;Conjunto de Usinas;Solar;Conj. Alex;2023-07-11 08:00:00;222.5;256.668;278.397;0.9219495899740298
CEARA;ALEX230kVA;Conjunto de Usinas;Solar;Conj. Alex;2023-07-11 09:00:00;231.0;263.449;278.397;0.9463068926748492
CEARA;ALEX230kVA;Conjunto de Usinas;Solar;Conj. Alex;2023-07-11 10:00:00;230.5;266.489;278.397;0.9572265505734616
CEARA;ALEX230kVA;Conjunto de Usinas;Solar;Conj. Alex;2023-07-11 11:00:00;224.0;268.432;278.397;0.964205792447476
CEARA;ALEX230kVA;Conjunto de Usinas;Solar;Conj. Alex;2023-07-11 12:00:00;218.0;266.959;278.397;0.9589147871564708
CEARA;ALEX230kVA;Conjunto de Usinas;Solar;Conj. Alex;2023-07-11 13:00:00;214.0;262.537;278.397;0.9430309953052656
CEARA;ALEX230kVA;Conjunto de Usinas;Solar;Conj. Alex;2023-07-11 14:00:00;202.5;254.087;278.397;0.9126786567383988
CEARA;ALEX230kVA;Conjunto de Usinas;Solar;Conj. Alex;2023-07-11 15:00:00;167.5;233.064;278.397;0.8371641935796721
CEARA;ALEX230kVA;Conjunto de Usinas;Solar;Conj. Alex;2023-07-11 16:00:00;94.5;136.608;278.397;0.4906949428334357
CEARA;ALEX230kVA;Conjunto de Usinas;Solar;Conj. Alex;2023-07-11 17:00:00;5.0;8.084;278.397;0.0290376692277574
CEARA;ALEX230kVA;Conjunto de Usinas;Solar;Conj. Alex;2023-07-11 18:00:00;0.0;0.0;278.397;0.0
CEARA;ALEX230kVA;Conjunto de Usinas;Solar;Conj. Alex;2023-07-11 19:00:00;0.0;0.0;278.397;0.0
CEARA;ALEX230kVA;Conjunto de Usinas;Solar;Conj. Alex;2023-07-11 20:00:00;0.0;0.0;278.397;0.0
CEARA;ALEX230kVA;Conjunto de Usinas;Solar;Conj. Alex;2023-07-11 21:00:00;0.0;0.0;278.397;0.0
CEARA;ALEX230kVA;Conjunto de Usinas;Solar;Conj. Alex;2023-07-11 22:00:00;0.0;0.0;278.397;0.0
CEARA;ALEX230kVA;Conjunto de Usinas;Solar;Conj. Alex;2023-07-11 23:00:00;0.0;0.0;278.397;0.0
CEARA;ALEX230kVA;Conjunto de Usinas;Solar;Conj. Alex;2023-07-12 00:00:00;0.0;0.0;278.397;0.0
CEARA;ALEX230kVA;Conjunto de Usinas;Solar;Conj. Alex;2023-07-12 01:00:00;0.0;0.0;278.397;0.0
CEARA;ALEX230kVA;Conjunto de Usinas;Solar;Conj. Alex;2023-07-12 02:00:00;0.0;0.0;278.397;0.0
CEARA;ALEX230kVA;Conjunto de Usinas;Solar;Conj. Alex;2023-07-12 03:00:00;0.0;0.0;278.397;0.0
CEARA;ALEX230kVA;Conjunto de Usinas;Solar;Conj. Alex;2023-07-12 04:00:00;0.0;0.0;278.397;0.0
CEARA;ALEX230kVA;Conjunto de Usinas;Solar;Conj. Alex;2023-07-12 05:00:00;1.5;0.574;278.397;0.002061803826909
CEARA;ALEX230kVA;Conjunto de Usinas;Solar;Conj. Alex;2023-07-12 06:00:00;76.5;95.005;278.397;0.3412572692952869
CEARA;ALEX230kVA;Conjunto de Usinas;Solar;Conj. Alex;2023-07-12 07:00:00;170.0;231.957;278.397;0.8331878576277761
CEARA;ALEX230kVA;Conjunto de Usinas;Solar;Conj. Alex;2023-07-12 08:00:00;214.5;257.703;278.397;0.9256673024493798
CEARA;ALEX230kVA;Conjunto de Usinas;Solar;Conj. Alex;2023-07-12 09:00:00;223.5;254.536;278.397;0.914291461474082
CEARA;ALEX230kVA;Conjunto de Usinas;Solar;Conj. Alex;2023-07-12 10:00:00;223.0;267.87;278.397;0.9621870925333248
CEARA;ALEX230kVA;Conjunto de Usinas;Solar;Conj. Alex;2023-07-12 11:00:00;219.5;263.143;278.397;0.9452077428995284
CEARA;ALEX230kVA;Conjunto de Usinas;Solar;Conj. Alex;2023-07-12 12:00:00;217.5;246.008;278.397;0.8836589474742903
CEARA;ALEX230kVA;Conjunto de Usinas;Solar;Conj. Alex;2023-07-12 13:00:00;213.0;255.619;278.397;0.9181815896004626
CEARA;ALEX230kVA;Conjunto de Usinas;Solar;Conj. Alex;2023-07-12 14:00:00;201.0;253.349;278.397;0.9100277661038014
CEARA;ALEX230kVA;Conjunto de Usinas;Solar;Conj. Alex;2023-07-12 15:00:00;167.5;233.204;278.397;0.8376670725618451
CEARA;ALEX230kVA;Conjunto de Usinas;Solar;Conj. Alex;2023-07-12 16:00:00;94.0;136.675;278.397;0.4909356063463327
CEARA;ALEX230kVA;Conjunto de Usinas;Solar;Conj. Alex;2023-07-12 17:00:00;4.0;8.264;278.397;0.0296842279191226
CEARA;ALEX230kVA;Conjunto de Usinas;Solar;Conj. Alex;2023-07-12 18:00:00;0.0;0.0;278.397;0.0
CEARA;ALEX230kVA;Conjunto de Usinas;Solar;Conj. Alex;2023-07-12 19:00:00;0.0;0.0;278.397;0.0
CEARA;ALEX230kVA;Conjunto de Usinas;Solar;Conj. Alex;2023-07-12 20:00:00;0.0;0.0;278.397;0.0
CEARA;ALEX230kVA;Conjunto de Usinas;Solar;Conj. Alex;2023-07-12 21:00:00;0.0;0.0;278.397;0.0
CEARA;ALEX230kVA;Conjunto de Usinas;Solar;Conj. Alex;2023-07-12 22:00:00;0.0;0.0;278.397;0.0
CEARA;ALEX230kVA;Conjunto de Usinas;Solar;Conj. Alex;2023-07-12 23:00:00;0.0;0.0;278.397;0.0
CEARA;ALEX230kVA;Conjunto de Usinas;Solar;Conj. Alex;2023-07-13 00:00:00;0.0;0.0;278.397;0.0
CEARA;ALEX230kVA;Conjunto de Usinas;Solar;Conj. Alex;2023-07-13 01:00:00;0.0;0.0;278.397;0.0
CEARA;ALEX230kVA;Conjunto de Usinas;Solar;Conj. Alex;2023-07-13 02:00:00;0.0;0.0;278.397;0.0
CEARA;ALEX230kVA;Conjunto de Usinas;Solar;Conj. Alex;2023-07-13 03:00:00;0.0;0.0;278.397;0.0
CEARA;ALEX230kVA;Conjunto de Usinas;Solar;Conj. Alex;2023-07-13 04:00:00;0.0;0.0;278.397;0.0
CEARA;ALEX230kVA;Conjunto de Usinas;Solar;Conj. Alex;2023-07-13 05:00:00;1.5;0.534;278.397;0.0019181241177167
CEARA;ALEX230kVA;Conjunto de Usinas;Solar;Conj. Alex;2023-07-13 06:00:00;79.5;92.372;278.397;0.3317995524377058
CEARA;ALEX230kVA;Conjunto de Usinas;Solar;Conj. Alex;2023-07-13 07:00:00;173.0;228.266;278.397;0.8199298124620595
CEARA;ALEX230kVA;Conjunto de Usinas;Solar;Conj. Alex;2023-07-13 08:00:00;218.5;253.351;278.397;0.910034950089261
CEARA;ALEX230kVA;Conjunto de Usinas;Solar;Conj. Alex;2023-07-13 09:00:00;229.0;262.35;278.397;0.9423592926647916
CEARA;ALEX230kVA;Conjunto de Usinas;Solar;Conj. Alex;2023-07-13 10:00:00;227.5;263.616;278.397;0.9469067554607268
CEARA;ALEX230kVA;Conjunto de Usinas;Solar;Conj. Alex;2023-07-13 11:00:00;221.5;261.703;278.397;0.9400352733686068
CEARA;ALEX230kVA;Conjunto de Usinas;Solar;Conj. Alex;2023-07-13 12:00:00;218.5;265.44;278.397;0.9534585501998945
CEARA;ALEX230kVA;Conjunto de Usinas;Solar;Conj. Alex;2023-07-13 13:00:00;213.0;263.161;278.397;0.9452723987686648
CEARA;ALEX230kVA;Conjunto de Usinas;Solar;Conj. Alex;2023-07-13 14:00:00;202.0;248.263;278.397;0.8917588910800044
CEARA;ALEX230kVA;Conjunto de Usinas;Solar;Conj. Alex;2023-07-13 15:00:00;169.5;229.273;278.397;0.8235469491409749
CEARA;ALEX230kVA;Conjunto de Usinas;Solar;Conj. Alex;2023-07-13 16:00:00;94.5;133.425;278.397;0.4792616299744609
CEARA;ALEX230kVA;Conjunto de Usinas;Solar;Conj. Alex;2023-07-13 17:00:00;4.0;7.714;278.397;0.0277086319177289
CEARA;ALEX230kVA;Conjunto de Usinas;Solar;Conj. Alex;2023-07-13 18:00:00;0.0;0.0;278.397;0.0
CEARA;ALEX230kVA;Conjunto de Usinas;Solar;Conj. Alex;2023-07-13 19:00:00;0.0;0.0;278.397;0.0
CEARA;ALEX230kVA;Conjunto de Usinas;Solar;Conj. Alex;2023-07-13 20:00:00;0.0;0.0;278.397;0.0
CEARA;ALEX230kVA;Conjunto de Usinas;Solar;Conj. Alex;2023-07-13 21:00:00;0.0;0.0;278.397;0.0
CEARA;ALEX230kVA;Conjunto de Usinas;Solar;Conj. Alex;2023-07-13 22:00:00;0.0;0.0;278.397;0.0
CEARA;ALEX230kVA;Conjunto de Usinas;Solar;Conj. Alex;2023-07-13 23:00:00;0.0;0.0;278.397;0.0
CEARA;ALEX230kVA;Conjunto de Usinas;Solar;Conj. Alex;2023-07-14 00:00:00;0.0;0.0;278.397;0.0
CEARA;ALEX230kVA;Conjunto de Usinas;Solar;Conj. Alex;2023-07-14 01:00:00;0.0;0.0;278.397;0.0
CEARA;ALEX230kVA;Conjunto de Usinas;Solar;Conj. Alex;2023-07-14 02:00:00;0.0;0.0;278.397;0.0
CEARA;ALEX230kVA;Conjunto de Usinas;Solar;Conj. Alex;2023-07-14 03:00:00;0.0;0.0;278.397;0.0
CEARA;ALEX230kVA;Conjunto de Usinas;Solar;Conj. Alex;2023-07-14 04:00:00;0.0;0.0;278.397;0.0
CEARA;ALEX230kVA;Conjunto de Usinas;Solar;Conj. Alex;2023-07-14 05:00:00;1.5;0.39;278.397;0.0014008771646246
CEARA;ALEX230kVA;Conjunto de Usinas;Solar;Conj. Alex;2023-07-14 06:00:00;78.0;84.546;278.397;0.3036886173342385
CEARA;ALEX230kVA;Conjunto de Usinas;Solar;Conj. Alex;2023-07-14 07:00:00;170.0;219.233;278.397;0.7874833421337155
CEARA;ALEX230kVA;Conjunto de Usinas;Solar;Conj. Alex;2023-07-14 08:00:00;216.5;238.888;278.397;0.8580839592380665
CEARA;ALEX230kVA;Conjunto de Usinas;Solar;Conj. Alex;2023-07-14 09:00:00;228.0;254.131;278.397;0.9128367044185102
CEARA;ALEX230kVA;Conjunto de Usinas;Solar;Conj. Alex;2023-07-14 10:00:00;229.0;254.338;278.397;0.9135802469135802
CEARA;ALEX230kVA;Conjunto de Usinas;Solar;Conj. Alex;2023-07-14 11:00:00;224.5;246.717;278.397;0.8862056703197232
CEARA;ALEX230kVA;Conjunto de Usinas;Solar;Conj. Alex;2023-07-14 12:00:00;221.5;245.818;278.397;0.882976468855627
CEARA;ALEX230kVA;Conjunto de Usinas;Solar;Conj. Alex;2023-07-14 13:00:00;217.0;247.205;278.397;0.8879585627718689
CEARA;ALEX230kVA;Conjunto de Usinas;Solar;Conj. Alex;2023-07-14 14:00:00;207.5;230.564;278.397;0.8281842117551554
CEARA;ALEX230kVA;Conjunto de Usinas;Solar;Conj. Alex;2023-07-14 15:00:00;172.5;201.008;278.397;0.7220192746329881
CEARA;ALEX230kVA;Conjunto de Usinas;Solar;Conj. Alex;2023-07-14 16:00:00;94.0;117.878;278.397;0.4234169190041559
CEARA;ALEX230kVA;Conjunto de Usinas;Solar;Conj. Alex;2023-07-14 17:00:00;4.5;7.17;278.397;0.0257545878727141
CEARA;ALEX230kVA;Conjunto de Usinas;Solar;Conj. Alex;2023-07-14 18:00:00;0.0;0.0;278.397;0.0
CEARA;ALEX230kVA;Conjunto de Usinas;Solar;Conj. Alex;2023-07-14 19:00:00;0.0;0.0;278.397;0.0
CEARA;ALEX230kVA;Conjunto de Usinas;Solar;Conj. Alex;2023-07-14 20:00:00;0.0;0.0;278.397;0.0
CEARA;ALEX230kVA;Conjunto de Usinas;Solar;Conj. Alex;2023-07-14 21:00:00;0.0;0.0;278.397;0.0
CEARA;ALEX230kVA;Conjunto de Usinas;Solar;Conj. Alex;2023-07-14 22:00:00;0.0;0.0;278.397;0.0
CEARA;ALEX230kVA;Conjunto de Usinas;Solar;Conj. Alex;2023-07-14 23:00:00;0.0;0.0;278.397;0.0
CEARA;ALEX230kVA;Conjunto de Usinas;Solar;Conj. Alex;2023-07-15 00:00:00;0.0;0.0;278.397;0.0
CEARA;ALEX230kVA;Conjunto de Usinas;Solar;Conj. Alex;2023-07-15 01:00:00;0.0;0.0;278.397;0.0
CEARA;ALEX230kVA;Conjunto de Usinas;Solar;Conj. Alex;2023-07-15 02:00:00;0.0;0.0;278.397;0.0
CEARA;ALEX230kVA;Conjunto de Usinas;Solar;Conj. Alex;2023-07-15 03:00:00;0.0;0.0;278.397;0.0
CEARA;ALEX230kVA;Conjunto de Usinas;Solar;Conj. Alex;2023-07-15 04:00:00;0.0;0.0;278.397;0.0
CEARA;ALEX230kVA;Conjunto de Usinas;Solar;Conj. Alex;2023-07-15 05:00:00;1.5;0.427;278.397;0.0015337808956274
CEARA;ALEX230kVA;Conjunto de Usinas;Solar;Conj. Alex;2023-07-15 06:00:00;80.0;28.949;278.397;0.1039845975351745
CEARA;ALEX230kVA;Conjunto de Usinas;Solar;Conj. Alex;2023-07-15 07:00:00;168.5;86.526;278.397;0.3108007629392558
CEARA;ALEX230kVA;Conjunto de Usinas;Solar;Conj. Alex;2023-07-15 08:00:00;211.5;135.772;278.397;0.4876920369113172
CEARA;ALEX230kVA;Conjunto de Usinas;Solar;Conj. Alex;2023-07-15 09:00:00;223.5;185.233;278.397;0.6653555893202872
CEARA;ALEX230kVA;Conjunto de Usinas;Solar;Conj. Alex;2023-07-15 10:00:00;224.0;192.95;278.397;0.6930749972162056
CEARA;ALEX230kVA;Conjunto de Usinas;Solar;Conj. Alex;2023-07-15 11:00:00;220.5;192.967;278.397;0.6931360610926123
CEARA;ALEX230kVA;Conjunto de Usinas;Solar;Conj. Alex;2023-07-15 12:00:00;222.0;192.919;278.397;0.6929636454415816
CEARA;ALEX230kVA;Conjunto de Usinas;Solar;Conj. Alex;2023-07-15 13:00:00;222.0;227.181;278.397;0.8160325003502192
CEARA;ALEX230kVA;Conjunto de Usinas;Solar;Conj. Alex;2023-07-15 14:00:00;212.0;240.127;278.397;0.862534438230297
CEARA;ALEX230kVA;Conjunto de Usinas;Solar;Conj. Alex;2023-07-15 15:00:00;173.0;223.903;278.397;0.8042579481819128
CEARA;ALEX230kVA;Conjunto de Usinas;Solar;Conj. Alex;2023-07-15 16:00:00;89.0;135.436;278.397;0.4864851273541022
CEARA;ALEX230kVA;Conjunto de Usinas;Solar;Conj. Alex;2023-07-15 17:00:00;4.0;8.763;278.397;0.0314766322912962
CEARA;ALEX230kVA;Conjunto de Usinas;Solar;Conj. Alex;2023-07-15 18:00:00;0.0;0.0;278.397;0.0
CEARA;ALEX230kVA;Conjunto de Usinas;Solar;Conj. Alex;2023-07-15 19:00:00;0.0;0.0;278.397;0.0
CEARA;ALEX230kVA;Conjunto de Usinas;Solar;Conj. Alex;2023-07-15 20:00:00;0.0;0.0;278.397;0.0
CEARA;ALEX230kVA;Conjunto de Usinas;Solar;Conj. Alex;2023-07-15 21:00:00;0.0;0.0;278.397;0.0
CEARA;ALEX230kVA;Conjunto de Usinas;Solar;Conj. Alex;2023-07-15 22:00:00;0.0;0.0;278.397;0.0
CEARA;ALEX230kVA;Conjunto de Usinas;Solar;Conj. Alex;2023-07-15 23:00:00;0.0;0.0;278.397;0.0
CEARA;ALEX230kVA;Conjunto de Usinas;Solar;Conj. Alex;2023-07-16 00:00:00;0.0;0.0;278.397;0.0
CEARA;ALEX230kVA;Conjunto de Usinas;Solar;Conj. Alex;2023-07-16 01:00:00;0.0;0.0;278.397;0.0
CEARA;ALEX230kVA;Conjunto de Usinas;Solar;Conj. Alex;2023-07-16 02:00:00;0.0;0.0;278.397;0.0
CEARA;ALEX230kVA;Conjunto de Usinas;Solar;Conj. Alex;2023-07-16 03:00:00;0.0;0.0;278.397;0.0
CEARA;ALEX230kVA;Conjunto de Usinas;Solar;Conj. Alex;2023-07-16 04:00:00;0.0;0.0;278.397;0.0
CEARA;ALEX230kVA;Conjunto de Usinas;Solar;Conj. Alex;2023-07-16 05:00:00;1.5;0.0;278.397;0.0
CEARA;ALEX230kVA;Conjunto de Usinas;Solar;Conj. Alex;2023-07-16 06:00:00;80.0;0.0;278.397;0.0
CEARA;ALEX230kVA;Conjunto de Usinas;Solar;Conj. Alex;2023-07-16 07:00:00;157.0;0.0;278.397;0.0
CEARA;ALEX230kVA;Conjunto de Usinas;Solar;Conj. Alex;2023-07-16 08:00:00;171.5;28.009;278.397;0.1006081243691562
CEARA;ALEX230kVA;Conjunto de Usinas;Solar;Conj. Alex;2023-07-16 09:00:00;163.5;75.254;278.397;0.2703118208888745
CEARA;ALEX230kVA;Conjunto de Usinas;Solar;Conj. Alex;2023-07-16 10:00:00;160.5;94.624;278.397;0.3398887200652305
CEARA;ALEX230kVA;Conjunto de Usinas;Solar;Conj. Alex;2023-07-16 11:00:00;166.0;94.801;278.397;0.3405245027784063
CEARA;ALEX230kVA;Conjunto de Usinas;Solar;Conj. Alex;2023-07-16 12:00:00;172.5;94.727;278.397;0.3402586953164006
CEARA;ALEX230kVA;Conjunto de Usinas;Solar;Conj. Alex;2023-07-16 13:00:00;174.5;101.339;278.397;0.3640089512458826
CEARA;ALEX230kVA;Conjunto de Usinas;Solar;Conj. Alex;2023-07-16 14:00:00;186.5;156.307;278.397;0.5614536076178981
CEARA;ALEX230kVA;Conjunto de Usinas;Solar;Conj. Alex;2023-07-16 15:00:00;176.5;215.033;278.397;0.7723969726685272
CEARA;ALEX230kVA;Conjunto de Usinas;Solar;Conj. Alex;2023-07-16 16:00:00;95.0;134.59;278.397;0.4834463015046857
CEARA;ALEX230kVA;Conjunto de Usinas;Solar;Conj. Alex;2023-07-16 17:00:00;4.5;8.14;278.397;0.0292388208206266
CEARA;ALEX230kVA;Conjunto de Usinas;Solar;Conj. Alex;2023-07-16 18:00:00;0.0;0.017;278.397;6.10638764067e-05
CEARA;ALEX230kVA;Conjunto de Usinas;Solar;Conj. Alex;2023-07-16 19:00:00;0.0;0.0;278.397;0.0
CEARA;ALEX230kVA;Conjunto de Usinas;Solar;Conj. Alex;2023-07-16 20:00:00;0.0;0.0;278.397;0.0
CEARA;ALEX230kVA;Conjunto de Usinas;Solar;Conj. Alex;2023-07-16 21:00:00;0.0;0.0;278.397;0.0
CEARA;ALEX230kVA;Conjunto de Usinas;Solar;Conj. Alex;2023-07-16 22:00:00;0.0;0.0;278.397;0.0
CEARA;ALEX230kVA;Conjunto de Usinas;Solar;Conj. Alex;2023-07-16 23:00:00;0.0;0.0;278.397;0.0
CEARA;ALEX230kVA;Conjunto de Usinas;Solar;Conj. Alex;2023-07-17 00:00:00;0.0;0.0;278.397;0.0
CEARA;ALEX230kVA;Conjunto de Usinas;Solar;Conj. Alex;2023-07-17 01:00:00;0.0;0.0;278.397;0.0
CEARA;ALEX230kVA;Conjunto de Usinas;Solar;Conj. Alex;2023-07-17 02:00:00;0.0;0.0;278.397;0.0
CEARA;ALEX230kVA;Conjunto de Usinas;Solar;Conj. Alex;2023-07-17 03:00:00;0.0;0.0;278.397;0.0
CEARA;ALEX230kVA;Conjunto de Usinas;Solar;Conj. Alex;2023-07-17 04:00:00;0.0;0.0;278.397;0.0
CEARA;ALEX230kVA;Conjunto de Usinas;Solar;Conj. Alex;2023-07-17 05:00:00;1.5;0.0;278.397;0.0
CEARA;ALEX230kVA;Conjunto de Usinas;Solar;Conj. Alex;2023-07-17 06:00:00;78.0;23.892;278.397;0.085819890300542
CEARA;ALEX230kVA;Conjunto de Usinas;Solar;Conj. Alex;2023-07-17 07:00:00;176.5;193.755;278.397;0.6959665513637
CEARA;ALEX230kVA;Conjunto de Usinas;Solar;Conj. Alex;2023-07-17 08:00:00;227.0;257.252;278.397;0.924047313728237
CEARA;ALEX230kVA;Conjunto de Usinas;Solar;Conj. Alex;2023-07-17 09:00:00;239.5;259.032;278.397;0.9304410607872928
CEARA;ALEX230kVA;Conjunto de Usinas;Solar;Conj. Alex;2023-07-17 10:00:00;238.0;263.656;278.397;0.9470504351699192
CEARA;ALEX230kVA;Conjunto de Usinas;Solar;Conj. Alex;2023-07-17 11:00:00;231.0;264.539;278.397;0.9502221647503384
CEARA;ALEX230kVA;Conjunto de Usinas;Solar;Conj. Alex;2023-07-17 12:00:00;229.0;240.438;278.397;0.8636515479692669
CEARA;ALEX230kVA;Conjunto de Usinas;Solar;Conj. Alex;2023-07-17 13:00:00;226.5;218.301;278.397;0.7841356049095356
CEARA;ALEX230kVA;Conjunto de Usinas;Solar;Conj. Alex;2023-07-17 14:00:00;216.0;191.375;278.397;0.68741760866676
CEARA;ALEX230kVA;Conjunto de Usinas;Solar;Conj. Alex;2023-07-17 15:00:00;181.0;175.511;278.397;0.6304342360011063
CEARA;ALEX230kVA;Conjunto de Usinas;Solar;Conj. Alex;2023-07-17 16:00:00;98.5;96.397;278.397;0.3462573231751778
CEARA;ALEX230kVA;Conjunto de Usinas;Solar;Conj. Alex;2023-07-17 17:00:00;5.0;4.72;278.397;0.0169542056846876
CEARA;ALEX230kVA;Conjunto de Usinas;Solar;Conj. Alex;2023-07-17 18:00:00;0.0;0.0;278.397;0.0
CEARA;ALEX230kVA;Conjunto de Usinas;Solar;Conj. Alex;2023-07-17 19:00:00;0.0;0.0;278.397;0.0
CEARA;ALEX230kVA;Conjunto de Usinas;Solar;Conj. Alex;2023-07-17 20:00:00;0.0;0.0;278.397;0.0
CEARA;ALEX230kVA;Conjunto de Usinas;Solar;Conj. Alex;2023-07-17 21:00:00;0.0;0.0;278.397;0.0
CEARA;ALEX230kVA;Conjunto de Usinas;Solar;Conj. Alex;2023-07-17 22:00:00;0.0;0.0;278.397;0.0
CEARA;ALEX230kVA;Conjunto de Usinas;Solar;Conj. Alex;2023-07-17 23:00:00;0.0;0.0;278.397;0.0
CEARA;ALEX230kVA;Conjunto de Usinas;Solar;Conj. Alex;2023-07-18 00:00:00;0.0;0.0;278.397;0.0
CEARA;ALEX230kVA;Conjunto de Usinas;Solar;Conj. Alex;2023-07-18 01:00:00;0.0;0.0;278.397;0.0
CEARA;ALEX230kVA;Conjunto de Usinas;Solar;Conj. Alex;2023-07-18 02:00:00;0.0;0.0;278.397;0.0
CEARA;ALEX230kVA;Conjunto de Usinas;Solar;Conj. Alex;2023-07-18 03:00:00;0.0;0.0;278.397;0.0
CEARA;ALEX230kVA;Conjunto de Usinas;Solar;Conj. Alex;2023-07-18 04:00:00;0.0;0.0;278.397;0.0
CEARA;ALEX230kVA;Conjunto de Usinas;Solar;Conj. Alex;2023-07-18 05:00:00;1.5;0.299;278.397;0.0010740058262122
CEARA;ALEX230kVA;Conjunto de Usinas;Solar;Conj. Alex;2023-07-18 06:00:00;76.0;63.577;278.397;0.2283681217829215
CEARA;ALEX230kVA;Conjunto de Usinas;Solar;Conj. Alex;2023-07-18 07:00:00;176.5;193.364;278.397;0.6945620822063456
CEARA;ALEX230kVA;Conjunto de Usinas;Solar;Conj. Alex;2023-07-18 08:00:00;226.0;140.315;278.397;0.5040104598828291
CEARA;ALEX230kVA;Conjunto de Usinas;Solar;Conj. Alex;2023-07-18 09:00:00;233.5;114.797;278.397;0.4123499894036214
CEARA;ALEX230kVA;Conjunto de Usinas;Solar;Conj. Alex;2023-07-18 10:00:00;234.0;240.269;278.397;0.8630445011979295
CEARA;ALEX230kVA;Conjunto de Usinas;Solar;Conj. Alex;2023-07-18 11:00:00;232.5;248.372;278.397;0.8921504182875533
CEARA;ALEX230kVA;Conjunto de Usinas;Solar;Conj. Alex;2023-07-18 12:00:00;230.5;260.606;278.397;0.9360948573440088
CEARA;ALEX230kVA;Conjunto de Usinas;Solar;Conj. Alex;2023-07-18 13:00:00;226.5;203.167;278.397;0.7297743869366408
CEARA;ALEX230kVA;Conjunto de Usinas;Solar;Conj. Alex;2023-07-18 14:00:00;213.5;158.007;278.397;0.5675599952585695
CEARA;ALEX230kVA;Conjunto de Usinas;Solar;Conj. Alex;2023-07-18 15:00:00;178.0;41.633;278.397;0.1495454333200429
CEARA;ALEX230kVA;Conjunto de Usinas;Solar;Conj. Alex;2023-07-18 16:00:00;101.5;9.895;278.397;0.0355427680614374
CEARA;ALEX230kVA;Conjunto de Usinas;Solar;Conj. Alex;2023-07-18 17:00:00;6.5;0.565;278.397;0.0020294758923407
CEARA;ALEX230kVA;Conjunto de Usinas;Solar;Conj. Alex;2023-07-18 18:00:00;0.0;0.0;278.397;0.0
CEARA;ALEX230kVA;Conjunto de Usinas;Solar;Conj. Alex;2023-07-18 19:00:00;0.0;0.0;278.397;0.0
CEARA;ALEX230kVA;Conjunto de Usinas;Solar;Conj. Alex;2023-07-18 20:00:00;0.0;0.0;278.397;0.0
CEARA;ALEX230kVA;Conjunto de Usinas;Solar;Conj. Alex;2023-07-18 21:00:00;0.0;0.0;278.397;0.0
CEARA;ALEX230kVA;Conjunto de Usinas;Solar;Conj. Alex;2023-07-18 22:00:00;0.0;0.0;278.397;0.0
CEARA;ALEX230kVA;Conjunto de Usinas;Solar;Conj. Alex;2023-07-18 23:00:00;0.0;0.0;278.397;0.0
CEARA;ALEX230kVA;Conjunto de Usinas;Solar;Conj. Alex;2023-07-19 00:00:00;0.0;0.0;278.397;0.0
CEARA;ALEX230kVA;Conjunto de Usinas;Solar;Conj. Alex;2023-07-19 01:00:00;0.0;0.0;278.397;0.0
CEARA;ALEX230kVA;Conjunto de Usinas;Solar;Conj. Alex;2023-07-19 02:00:00;0.0;0.0;278.397;0.0
CEARA;ALEX230kVA;Conjunto de Usinas;Solar;Conj. Alex;2023-07-19 03:00:00;0.0;0.0;278.397;0.0
CEARA;ALEX230kVA;Conjunto de Usinas;Solar;Conj. Alex;2023-07-19 04:00:00;0.0;0.0;278.397;0.0
CEARA;ALEX230kVA;Conjunto de Usinas;Solar;Conj. Alex;2023-07-19 05:00:00;1.5;0.0;278.397;0.0
CEARA;ALEX230kVA;Conjunto de Usinas;Solar;Conj. Alex;2023-07-19 06:00:00;79.0;12.842;278.397;0.0461283706361778
CEARA;ALEX230kVA;Conjunto de Usinas;Solar;Conj. Alex;2023-07-19 07:00:00;176.0;56.205;278.397;0.2018879513787864
CEARA;ALEX230kVA;Conjunto de Usinas;Solar;Conj. Alex;2023-07-19 08:00:00;221.5;224.695;278.397;0.8071028064239197
CEARA;ALEX230kVA;Conjunto de Usinas;Solar;Conj. Alex;2023-07-19 09:00:00;230.0;258.098;278.397;0.9270861395776534
CEARA;ALEX230kVA;Conjunto de Usinas;Solar;Conj. Alex;2023-07-19 10:00:00;229.0;265.122;278.397;0.9523162965118158
CEARA;ALEX230kVA;Conjunto de Usinas;Solar;Conj. Alex;2023-07-19 11:00:00;225.0;254.961;278.397;0.9158180583842498
CEARA;ALEX230kVA;Conjunto de Usinas;Solar;Conj. Alex;2023-07-19 12:00:00;223.5;250.956;278.397;0.901432127501374
CEARA;ALEX230kVA;Conjunto de Usinas;Solar;Conj. Alex;2023-07-19 13:00:00;219.0;225.575;278.397;0.8102637600261497
CEARA;ALEX230kVA;Conjunto de Usinas;Solar;Conj. Alex;2023-07-19 14:00:00;207.0;205.672;278.397;0.7387723287248066
CEARA;ALEX230kVA;Conjunto de Usinas;Solar;Conj. Alex;2023-07-19 15:00:00;168.5;197.553;278.397;0.7096089397515059
CEARA;ALEX230kVA;Conjunto de Usinas;Solar;Conj. Alex;2023-07-19 16:00:00;86.0;112.786;278.397;0.4051264920239801
CEARA;ALEX230kVA;Conjunto de Usinas;Solar;Conj. Alex;2023-07-19 17:00:00;5.5;5.577;278.397;0.020032543454132
CEARA;ALEX230kVA;Conjunto de Usinas;Solar;Conj. Alex;2023-07-19 18:00:00;0.0;0.0;278.397;0.0
CEARA;ALEX230kVA;Conjunto de Usinas;Solar;Conj. Alex;2023-07-19 19:00:00;0.0;0.0;278.397;0.0
CEARA;ALEX230kVA;Conjunto de Usinas;Solar;Conj. Alex;2023-07-19 20:00:00;0.0;0.0;278.397;0.0
CEARA;ALEX230kVA;Conjunto de Usinas;Solar;Conj. Alex;2023-07-19 21:00:00;0.0;0.0;278.397;0.0
CEARA;ALEX230kVA;Conjunto de Usinas;Solar;Conj. Alex;2023-07-19 22:00:00;0.0;0.0;278.397;0.0
CEARA;ALEX230kVA;Conjunto de Usinas;Solar;Conj. Alex;2023-07-19 23:00:00;0.0;0.0;278.397;0.0
CEARA;ALEX230kVA;Conjunto de Usinas;Solar;Conj. Alex;2023-07-20 00:00:00;0.0;0.0;278.397;0.0
CEARA;ALEX230kVA;Conjunto de Usinas;Solar;Conj. Alex;2023-07-20 01:00:00;0.0;0.0;278.397;0.0
CEARA;ALEX230kVA;Conjunto de Usinas;Solar;Conj. Alex;2023-07-20 02:00:00;0.0;0.0;278.397;0.0
CEARA;ALEX230kVA;Conjunto de Usinas;Solar;Conj. Alex;2023-07-20 03:00:00;0.0;0.0;278.397;0.0
CEARA;ALEX230kVA;Conjunto de Usinas;Solar;Conj. Alex;2023-07-20 04:00:00;0.0;0.0;278.397;0.0
CEARA;ALEX230kVA;Conjunto de Usinas;Solar;Conj. Alex;2023-07-20 05:00:00;1.5;0.314;278.397;0.0011278857171593
CEARA;ALEX230kVA;Conjunto de Usinas;Solar;Conj. Alex;2023-07-20 06:00:00;77.5;85.364;278.397;0.3066268673872204
CEARA;ALEX230kVA;Conjunto de Usinas;Solar;Conj. Alex;2023-07-20 07:00:00;181.5;226.052;278.397;0.8119771405582675
CEARA;ALEX230kVA;Conjunto de Usinas;Solar;Conj. Alex;2023-07-20 08:00:00;233.5;243.532;278.397;0.8747651734752888
CEARA;ALEX230kVA;Conjunto de Usinas;Solar;Conj. Alex;2023-07-20 09:00:00;244.5;244.354;278.397;0.87771779149919
CEARA;ALEX230kVA;Conjunto de Usinas;Solar;Conj. Alex;2023-07-20 10:00:00;246.0;250.079;278.397;0.8982819498773335
CEARA;ALEX230kVA;Conjunto de Usinas;Solar;Conj. Alex;2023-07-20 11:00:00;242.0;214.128;278.397;0.7691462192480522
CEARA;ALEX230kVA;Conjunto de Usinas;Solar;Conj. Alex;2023-07-20 12:00:00;237.5;181.438;278.397;0.6517239769106707
CEARA;ALEX230kVA;Conjunto de Usinas;Solar;Conj. Alex;2023-07-20 13:00:00;229.0;243.589;278.397;0.8749699170608878
CEARA;ALEX230kVA;Conjunto de Usinas;Solar;Conj. Alex;2023-07-20 14:00:00;215.5;246.52;278.397;0.8854980477519513
CEARA;ALEX230kVA;Conjunto de Usinas;Solar;Conj. Alex;2023-07-20 15:00:00;188.0;225.849;278.397;0.8112479660341168
CEARA;ALEX230kVA;Conjunto de Usinas;Solar;Conj. Alex;2023-07-20 16:00:00;120.5;125.063;278.397;0.4492253867678171
CEARA;ALEX230kVA;Conjunto de Usinas;Solar;Conj. Alex;2023-07-20 17:00:00;7.0;8.134;278.397;0.0292172688642478
CEARA;ALEX230kVA;Conjunto de Usinas;Solar;Conj. Alex;2023-07-20 18:00:00;0.0;0.0;278.397;0.0
CEARA;ALEX230kVA;Conjunto de Usinas;Solar;Conj. Alex;2023-07-20 19:00:00;0.0;0.0;278.397;0.0
CEARA;ALEX230kVA;Conjunto de Usinas;Solar;Conj. Alex;2023-07-20 20:00:00;0.0;0.0;278.397;0.0
CEARA;ALEX230kVA;Conjunto de Usinas;Solar;Conj. Alex;2023-07-20 21:00:00;0.0;0.0;278.397;0.0
CEARA;ALEX230kVA;Conjunto de Usinas;Solar;Conj. Alex;2023-07-20 22:00:00;0.0;0.0;278.397;0.0
CEARA;ALEX230kVA;Conjunto de Usinas;Solar;Conj. Alex;2023-07-20 23:00:00;0.0;0.0;278.397;0.0
CEARA;ALEX230kVA;Conjunto de Usinas;Solar;Conj. Alex;2023-07-21 00:00:00;0.0;0.0;278.397;0.0
CEARA;ALEX230kVA;Conjunto de Usinas;Solar;Conj. Alex;2023-07-21 01:00:00;0.0;0.0;278.397;0.0
CEARA;ALEX230kVA;Conjunto de Usinas;Solar;Conj. Alex;2023-07-21 02:00:00;0.0;0.0;278.397;0.0
CEARA;ALEX230kVA;Conjunto de Usinas;Solar;Conj. Alex;2023-07-21 03:00:00;0.0;0.0;278.397;0.0
CEARA;ALEX230kVA;Conjunto de Usinas;Solar;Conj. Alex;2023-07-21 04:00:00;0.0;0.0;278.397;0.0
CEARA;ALEX230kVA;Conjunto de Usinas;Solar;Conj. Alex;2023-07-21 05:00:00;1.5;0.506;278.397;0.0018175483212821
CEARA;ALEX230kVA;Conjunto de Usinas;Solar;Conj. Alex;2023-07-21 06:00:00;74.0;94.766;278.397;0.3403987830328631
CEARA;ALEX230kVA;Conjunto de Usinas;Solar;Conj. Alex;2023-07-21 07:00:00;178.5;234.556;278.397;0.8425234467325438
CEARA;ALEX230kVA;Conjunto de Usinas;Solar;Conj. Alex;2023-07-21 08:00:00;231.0;262.552;278.397;0.9430848751962126
CEARA;ALEX230kVA;Conjunto de Usinas;Solar;Conj. Alex;2023-07-21 09:00:00;242.5;271.731;278.397;0.9760557764631084
CEARA;ALEX230kVA;Conjunto de Usinas;Solar;Conj. Alex;2023-07-21 10:00:00;245.0;271.664;278.397;0.9758151129502112
CEARA;ALEX230kVA;Conjunto de Usinas;Solar;Conj. Alex;2023-07-21 11:00:00;243.5;233.383;278.397;0.8383100392604805
CEARA;ALEX230kVA;Conjunto de Usinas;Solar;Conj. Alex;2023-07-21 12:00:00;238.5;212.994;278.397;0.7650728994924514
CEARA;ALEX230kVA;Conjunto de Usinas;Solar;Conj. Alex;2023-07-21 13:00:00;228.0;217.799;278.397;0.7823324245591726
CEARA;ALEX230kVA;Conjunto de Usinas;Solar;Conj. Alex;2023-07-21 14:00:00;208.5;175.231;278.397;0.6294284780367604
CEARA;ALEX230kVA;Conjunto de Usinas;Solar;Conj. Alex;2023-07-21 15:00:00;174.5;178.656;278.397;0.6417310531363484
CEARA;ALEX230kVA;Conjunto de Usinas;Solar;Conj. Alex;2023-07-21 16:00:00;109.0;126.72;278.397;0.4551773187211069
CEARA;ALEX230kVA;Conjunto de Usinas;Solar;Conj. Alex;2023-07-21 17:00:00;6.0;7.767;278.397;0.0278990075324087
CEARA;ALEX230kVA;Conjunto de Usinas;Solar;Conj. Alex;2023-07-21 18:00:00;0.0;0.0;278.397;0.0
CEARA;ALEX230kVA;Conjunto de Usinas;Solar;Conj. Alex;2023-07-21 19:00:00;0.0;0.0;278.397;0.0
CEARA;ALEX230kVA;Conjunto de Usinas;Solar;Conj. Alex;2023-07-21 20:00:00;0.0;0.0;278.397;0.0
CEARA;ALEX230kVA;Conjunto de Usinas;Solar;Conj. Alex;2023-07-21 21:00:00;0.0;0.0;278.397;0.0
CEARA;ALEX230kVA;Conjunto de Usinas;Solar;Conj. Alex;2023-07-21 22:00:00;0.0;0.0;278.397;0.0
CEARA;ALEX230kVA;Conjunto de Usinas;Solar;Conj. Alex;2023-07-21 23:00:00;0.0;0.0;278.397;0.0
CEARA;ALEX230kVA;Conjunto de Usinas;Solar;Conj. Alex;2023-07-22 00:00:00;0.0;0.0;278.397;0.0
CEARA;ALEX230kVA;Conjunto de Usinas;Solar;Conj. Alex;2023-07-22 01:00:00;0.0;0.0;278.397;0.0
CEARA;ALEX230kVA;Conjunto de Usinas;Solar;Conj. Alex;2023-07-22 02:00:00;0.0;0.0;278.397;0.0
CEARA;ALEX230kVA;Conjunto de Usinas;Solar;Conj. Alex;2023-07-22 03:00:00;0.0;0.0;278.397;0.0
CEARA;ALEX230kVA;Conjunto de Usinas;Solar;Conj. Alex;2023-07-22 04:00:00;0.0;0.0;278.397;0.0
CEARA;ALEX230kVA;Conjunto de Usinas;Solar;Conj. Alex;2023-07-22 05:00:00;1.5;0.0;278.397;0.0
CEARA;ALEX230kVA;Conjunto de Usinas;Solar;Conj. Alex;2023-07-22 06:00:00;77.5;0.0;278.397;0.0
CEARA;ALEX230kVA;Conjunto de Usinas;Solar;Conj. Alex;2023-07-22 07:00:00;186.0;0.0;278.397;0.0
CEARA;ALEX230kVA;Conjunto de Usinas;Solar;Conj. Alex;2023-07-22 08:00:00;229.0;15.583;278.397;0.055974022708578
CEARA;ALEX230kVA;Conjunto de Usinas;Solar;Conj. Alex;2023-07-22 09:00:00;220.5;71.796;278.397;0.2578907100292029
CEARA;ALEX230kVA;Conjunto de Usinas;Solar;Conj. Alex;2023-07-22 10:00:00;212.0;79.228;278.397;0.2845863999971264
CEARA;ALEX230kVA;Conjunto de Usinas;Solar;Conj. Alex;2023-07-22 11:00:00;204.0;90.213;278.397;0.3240444401340531
CEARA;ALEX230kVA;Conjunto de Usinas;Solar;Conj. Alex;2023-07-22 12:00:00;197.5;96.201;278.397;0.3455532926001357
CEARA;ALEX230kVA;Conjunto de Usinas;Solar;Conj. Alex;2023-07-22 13:00:00;193.5;83.358;278.397;0.2994213299712281
CEARA;ALEX230kVA;Conjunto de Usinas;Solar;Conj. Alex;2023-07-22 14:00:00;196.0;87.846;278.397;0.3155421933426006
CEARA;ALEX230kVA;Conjunto de Usinas;Solar;Conj. Alex;2023-07-22 15:00:00;162.5;94.362;278.397;0.3389476179700212
CEARA;ALEX230kVA;Conjunto de Usinas;Solar;Conj. Alex;2023-07-22 16:00:00;84.5;34.927;278.397;0.1254575300739591
CEARA;ALEX230kVA;Conjunto de Usinas;Solar;Conj. Alex;2023-07-22 17:00:00;4.0;2.575;278.397;0.0092493812792522
CEARA;ALEX230kVA;Conjunto de Usinas;Solar;Conj. Alex;2023-07-22 18:00:00;0.0;0.0;278.397;0.0
CEARA;ALEX230kVA;Conjunto de Usinas;Solar;Conj. Alex;2023-07-22 19:00:00;0.0;0.0;278.397;0.0
CEARA;ALEX230kVA;Conjunto de Usinas;Solar;Conj. Alex;2023-07-22 20:00:00;0.0;0.0;278.397;0.0
CEARA;ALEX230kVA;Conjunto de Usinas;Solar;Conj. Alex;2023-07-22 21:00:00;0.0;0.0;278.397;0.0
CEARA;ALEX230kVA;Conjunto de Usinas;Solar;Conj. Alex;2023-07-22 22:00:00;0.0;0.0;278.397;0.0
CEARA;ALEX230kVA;Conjunto de Usinas;Solar;Conj. Alex;2023-07-22 23:00:00;0.0;0.0;278.397;0.0
CEARA;ALEX230kVA;Conjunto de Usinas;Solar;Conj. Alex;2023-07-23 00:00:00;0.0;0.0;278.397;0.0
CEARA;ALEX230kVA;Conjunto de Usinas;Solar;Conj. Alex;2023-07-23 01:00:00;0.0;0.0;278.397;0.0
CEARA;ALEX230kVA;Conjunto de Usinas;Solar;Conj. Alex;2023-07-23 02:00:00;0.0;0.0;278.397;0.0
CEARA;ALEX230kVA;Conjunto de Usinas;Solar;Conj. Alex;2023-07-23 03:00:00;0.0;0.0;278.397;0.0
CEARA;ALEX230kVA;Conjunto de Usinas;Solar;Conj. Alex;2023-07-23 04:00:00;0.0;0.0;278.397;0.0
CEARA;ALEX230kVA;Conjunto de Usinas;Solar;Conj. Alex;2023-07-23 05:00:00;1.5;0.0;278.397;0.0
CEARA;ALEX230kVA;Conjunto de Usinas;Solar;Conj. Alex;2023-07-23 06:00:00;76.5;0.0;278.397;0.0
CEARA;ALEX230kVA;Conjunto de Usinas;Solar;Conj. Alex;2023-07-23 07:00:00;146.0;0.0;278.397;0.0
CEARA;ALEX230kVA;Conjunto de Usinas;Solar;Conj. Alex;2023-07-23 08:00:00;115.0;0.0;278.397;0.0
CEARA;ALEX230kVA;Conjunto de Usinas;Solar;Conj. Alex;2023-07-23 09:00:00;120.0;0.0;278.397;0.0
CEARA;ALEX230kVA;Conjunto de Usinas;Solar;Conj. Alex;2023-07-23 10:00:00;145.5;0.186;278.397;0.000668110647744
CEARA;ALEX230kVA;Conjunto de Usinas;Solar;Conj. Alex;2023-07-23 11:00:00;146.5;19.243;278.397;0.0691207160996706
CEARA;ALEX230kVA;Conjunto de Usinas;Solar;Conj. Alex;2023-07-23 12:00:00;143.5;31.835;278.397;0.1143510885533967
CEARA;ALEX230kVA;Conjunto de Usinas;Solar;Conj. Alex;2023-07-23 13:00:00;141.0;51.679;278.397;0.1856305922836812
CEARA;ALEX230kVA;Conjunto de Usinas;Solar;Conj. Alex;2023-07-23 14:00:00;155.0;77.088;278.397;0.27689953555534
CEARA;ALEX230kVA;Conjunto de Usinas;Solar;Conj. Alex;2023-07-23 15:00:00;158.5;46.71;278.397;0.1677819804092716
CEARA;ALEX230kVA;Conjunto de Usinas;Solar;Conj. Alex;2023-07-23 16:00:00;107.0;15.78;278.397;0.0566816452763499
CEARA;ALEX230kVA;Conjunto de Usinas;Solar;Conj. Alex;2023-07-23 17:00:00;6.0;0.507;278.397;0.001821140314012
CEARA;ALEX230kVA;Conjunto de Usinas;Solar;Conj. Alex;2023-07-23 18:00:00;0.0;0.0;278.397;0.0
CEARA;ALEX230kVA;Conjunto de Usinas;Solar;Conj. Alex;2023-07-23 19:00:00;0.0;0.0;278.397;0.0
CEARA;ALEX230kVA;Conjunto de Usinas;Solar;Conj. Alex;2023-07-23 20:00:00;0.0;0.0;278.397;0.0
CEARA;ALEX230kVA;Conjunto de Usinas;Solar;Conj. Alex;2023-07-23 21:00:00;0.0;0.0;278.397;0.0
CEARA;ALEX230kVA;Conjunto de Usinas;Solar;Conj. Alex;2023-07-23 22:00:00;0.0;0.0;278.397;0.0
CEARA;ALEX230kVA;Conjunto de Usinas;Solar;Conj. Alex;2023-07-23 23:00:00;0.0;0.0;278.397;0.0
CEARA;ALEX230kVA;Conjunto de Usinas;Solar;Conj. Alex;2023-07-24 00:00:00;0.0;0.0;278.397;0.0
CEARA;ALEX230kVA;Conjunto de Usinas;Solar;Conj. Alex;2023-07-24 01:00:00;0.0;0.0;278.397;0.0
CEARA;ALEX230kVA;Conjunto de Usinas;Solar;Conj. Alex;2023-07-24 02:00:00;0.0;0.0;278.397;0.0
CEARA;ALEX230kVA;Conjunto de Usinas;Solar;Conj. Alex;2023-07-24 03:00:00;0.0;0.0;278.397;0.0
CEARA;ALEX230kVA;Conjunto de Usinas;Solar;Conj. Alex;2023-07-24 04:00:00;0.0;0.0;278.397;0.0
CEARA;ALEX230kVA;Conjunto de Usinas;Solar;Conj. Alex;2023-07-24 05:00:00;1.0;0.212;278.397;0.000761502458719
CEARA;ALEX230kVA;Conjunto de Usinas;Solar;Conj. Alex;2023-07-24 06:00:00;75.5;94.527;278.397;0.3395402967704393
CEARA;ALEX230kVA;Conjunto de Usinas;Solar;Conj. Alex;2023-07-24 07:00:00;184.0;234.932;278.397;0.843874035998951
CEARA;ALEX230kVA;Conjunto de Usinas;Solar;Conj. Alex;2023-07-24 08:00:00;236.5;262.903;278.397;0.9443456646443747
CEARA;ALEX230kVA;Conjunto de Usinas;Solar;Conj. Alex;2023-07-24 09:00:00;243.5;270.97;278.397;0.9733222699957256
CEARA;ALEX230kVA;Conjunto de Usinas;Solar;Conj. Alex;2023-07-24 10:00:00;242.5;265.605;278.397;0.9540512290003124
CEARA;ALEX230kVA;Conjunto de Usinas;Solar;Conj. Alex;2023-07-24 11:00:00;234.5;271.354;278.397;0.9747015952039711
CEARA;ALEX230kVA;Conjunto de Usinas;Solar;Conj. Alex;2023-07-24 12:00:00;226.5;252.69;278.397;0.9076606428948588
CEARA;ALEX230kVA;Conjunto de Usinas;Solar;Conj. Alex;2023-07-24 13:00:00;224.0;212.476;278.397;0.7632122472584115
CEARA;ALEX230kVA;Conjunto de Usinas;Solar;Conj. Alex;2023-07-24 14:00:00;214.0;175.419;278.397;0.6301037726699641
CEARA;ALEX230kVA;Conjunto de Usinas;Solar;Conj. Alex;2023-07-24 15:00:00;184.5;164.917;278.397;0.5923806650215339
CEARA;ALEX230kVA;Conjunto de Usinas;Solar;Conj. Alex;2023-07-24 16:00:00;114.0;123.791;278.397;0.444656372015503
CEARA;ALEX230kVA;Conjunto de Usinas;Solar;Conj. Alex;2023-07-24 17:00:00;6.0;8.101;278.397;0.0290987331041641
CEARA;ALEX230kVA;Conjunto de Usinas;Solar;Conj. Alex;2023-07-24 18:00:00;0.0;0.0;278.397;0.0
CEARA;ALEX230kVA;Conjunto de Usinas;Solar;Conj. Alex;2023-07-24 19:00:00;0.0;0.0;278.397;0.0
CEARA;ALEX230kVA;Conjunto de Usinas;Solar;Conj. Alex;2023-07-24 20:00:00;0.0;0.0;278.397;0.0
CEARA;ALEX230kVA;Conjunto de Usinas;Solar;Conj. Alex;2023-07-24 21:00:00;0.0;0.0;278.397;0.0
CEARA;ALEX230kVA;Conjunto de Usinas;Solar;Conj. Alex;2023-07-24 22:00:00;0.0;0.0;278.397;0.0
CEARA;ALEX230kVA;Conjunto de Usinas;Solar;Conj. Alex;2023-07-24 23:00:00;0.0;0.0;278.397;0.0
CEARA;ALEX230kVA;Conjunto de Usinas;Solar;Conj. Alex;2023-07-25 00:00:00;0.0;0.0;278.397;0.0
CEARA;ALEX230kVA;Conjunto de Usinas;Solar;Conj. Alex;2023-07-25 01:00:00;0.0;0.0;278.397;0.0
CEARA;ALEX230kVA;Conjunto de Usinas;Solar;Conj. Alex;2023-07-25 02:00:00;0.0;0.0;278.397;0.0
CEARA;ALEX230kVA;Conjunto de Usinas;Solar;Conj. Alex;2023-07-25 03:00:00;0.0;0.0;278.397;0.0
CEARA;ALEX230kVA;Conjunto de Usinas;Solar;Conj. Alex;2023-07-25 04:00:00;0.0;0.0;278.397;0.0
CEARA;ALEX230kVA;Conjunto de Usinas;Solar;Conj. Alex;2023-07-25 05:00:00;1.5;0.223;278.397;0.0008010143787468
CEARA;ALEX230kVA;Conjunto de Usinas;Solar;Conj. Alex;2023-07-25 06:00:00;77.5;95.309;278.397;0.3423492350851481
CEARA;ALEX230kVA;Conjunto de Usinas;Solar;Conj. Alex;2023-07-25 07:00:00;180.0;236.24;278.397;0.8485723624895383
CEARA;ALEX230kVA;Conjunto de Usinas;Solar;Conj. Alex;2023-07-25 08:00:00;228.5;261.115;278.397;0.9379231816434804
CEARA;ALEX230kVA;Conjunto de Usinas;Solar;Conj. Alex;2023-07-25 09:00:00;238.0;270.013;278.397;0.9698847329533004
CEARA;ALEX230kVA;Conjunto de Usinas;Solar;Conj. Alex;2023-07-25 10:00:00;238.0;272.326;278.397;0.9781930121373434
CEARA;ALEX230kVA;Conjunto de Usinas;Solar;Conj. Alex;2023-07-25 11:00:00;231.5;272.293;278.397;0.9780744763772597
CEARA;ALEX230kVA;Conjunto de Usinas;Solar;Conj. Alex;2023-07-25 12:00:00;227.0;270.448;278.397;0.9714472497907664
CEARA;ALEX230kVA;Conjunto de Usinas;Solar;Conj. Alex;2023-07-25 13:00:00;220.0;266.783;278.397;0.9582825964360248
CEARA;ALEX230kVA;Conjunto de Usinas;Solar;Conj. Alex;2023-07-25 14:00:00;205.5;261.059;278.397;0.9377220300506112
CEARA;ALEX230kVA;Conjunto de Usinas;Solar;Conj. Alex;2023-07-25 15:00:00;172.0;199.094;278.397;0.715144200548138
CEARA;ALEX230kVA;Conjunto de Usinas;Solar;Conj. Alex;2023-07-25 16:00:00;104.0;145.179;278.397;0.521481912520609
CEARA;ALEX230kVA;Conjunto de Usinas;Solar;Conj. Alex;2023-07-25 17:00:00;6.0;10.473;278.397;0.0376189398592657
CEARA;ALEX230kVA;Conjunto de Usinas;Solar;Conj. Alex;2023-07-25 18:00:00;0.0;0.0;278.397;0.0
CEARA;ALEX230kVA;Conjunto de Usinas;Solar;Conj. Alex;2023-07-25 19:00:00;0.0;0.0;278.397;0.0
CEARA;ALEX230kVA;Conjunto de Usinas;Solar;Conj. Alex;2023-07-25 20:00:00;0.0;0.0;278.397;0.0
CEARA;ALEX230kVA;Conjunto de Usinas;Solar;Conj. Alex;2023-07-25 21:00:00;0.0;0.0;278.397;0.0
CEARA;ALEX230kVA;Conjunto de Usinas;Solar;Conj. Alex;2023-07-25 22:00:00;0.0;0.0;278.397;0.0
CEARA;ALEX230kVA;Conjunto de Usinas;Solar;Conj. Alex;2023-07-25 23:00:00;0.0;0.0;278.397;0.0
CEARA;ALEX230kVA;Conjunto de Usinas;Solar;Conj. Alex;2023-07-26 00:00:00;0.0;0.0;278.397;0.0
CEARA;ALEX230kVA;Conjunto de Usinas;Solar;Conj. Alex;2023-07-26 01:00:00;0.0;0.0;278.397;0.0
CEARA;ALEX230kVA;Conjunto de Usinas;Solar;Conj. Alex;2023-07-26 02:00:00;0.0;0.0;278.397;0.0
CEARA;ALEX230kVA;Conjunto de Usinas;Solar;Conj. Alex;2023-07-26 03:00:00;0.0;0.0;278.397;0.0
CEARA;ALEX230kVA;Conjunto de Usinas;Solar;Conj. Alex;2023-07-26 04:00:00;0.0;0.0;278.397;0.0
CEARA;ALEX230kVA;Conjunto de Usinas;Solar;Conj. Alex;2023-07-26 05:00:00;1.0;0.535;278.397;0.0019217161104465
CEARA;ALEX230kVA;Conjunto de Usinas;Solar;Conj. Alex;2023-07-26 06:00:00;74.0;97.004;278.397;0.3484376627621705
CEARA;ALEX230kVA;Conjunto de Usinas;Solar;Conj. Alex;2023-07-26 07:00:00;181.0;235.903;278.397;0.8473618609395934
CEARA;ALEX230kVA;Conjunto de Usinas;Solar;Conj. Alex;2023-07-26 08:00:00;233.5;261.187;278.397;0.9381818051200264
CEARA;ALEX230kVA;Conjunto de Usinas;Solar;Conj. Alex;2023-07-26 09:00:00;241.0;268.951;278.397;0.9660700366742456
CEARA;ALEX230kVA;Conjunto de Usinas;Solar;Conj. Alex;2023-07-26 10:00:00;237.5;271.341;278.397;0.9746548992984838
CEARA;ALEX230kVA;Conjunto de Usinas;Solar;Conj. Alex;2023-07-26 11:00:00;229.0;271.284;278.397;0.9744501557128848
CEARA;ALEX230kVA;Conjunto de Usinas;Solar;Conj. Alex;2023-07-26 12:00:00;223.0;252.247;278.397;0.9060693901155544
CEARA;ALEX230kVA;Conjunto de Usinas;Solar;Conj. Alex;2023-07-26 13:00:00;221.0;229.629;278.397;0.8248256985527861
CEARA;ALEX230kVA;Conjunto de Usinas;Solar;Conj. Alex;2023-07-26 14:00:00;210.5;244.239;278.397;0.8773047123352622
CEARA;ALEX230kVA;Conjunto de Usinas;Solar;Conj. Alex;2023-07-26 15:00:00;178.5;219.28;278.397;0.7876521657920164
CEARA;ALEX230kVA;Conjunto de Usinas;Solar;Conj. Alex;2023-07-26 16:00:00;105.0;137.869;278.397;0.4952244456657219
CEARA;ALEX230kVA;Conjunto de Usinas;Solar;Conj. Alex;2023-07-26 17:00:00;5.5;8.769;278.397;0.031498184247675
CEARA;ALEX230kVA;Conjunto de Usinas;Solar;Conj. Alex;2023-07-26 18:00:00;0.0;0.0;278.397;0.0
CEARA;ALEX230kVA;Conjunto de Usinas;Solar;Conj. Alex;2023-07-26 19:00:00;0.0;0.0;278.397;0.0
CEARA;ALEX230kVA;Conjunto de Usinas;Solar;Conj. Alex;2023-07-26 20:00:00;0.0;0.0;278.397;0.0
CEARA;ALEX230kVA;Conjunto de Usinas;Solar;Conj. Alex;2023-07-26 21:00:00;0.0;0.0;278.397;0.0
CEARA;ALEX230kVA;Conjunto de Usinas;Solar;Conj. Alex;2023-07-26 22:00:00;0.0;0.0;278.397;0.0
CEARA;ALEX230kVA;Conjunto de Usinas;Solar;Conj. Alex;2023-07-26 23:00:00;0.0;0.0;278.397;0.0
CEARA;ALEX230kVA;Conjunto de Usinas;Solar;Conj. Alex;2023-07-27 00:00:00;0.0;0.0;278.397;0.0
CEARA;ALEX230kVA;Conjunto de Usinas;Solar;Conj. Alex;2023-07-27 01:00:00;0.0;0.0;278.397;0.0
CEARA;ALEX230kVA;Conjunto de Usinas;Solar;Conj. Alex;2023-07-27 02:00:00;0.0;0.0;278.397;0.0
CEARA;ALEX230kVA;Conjunto de Usinas;Solar;Conj. Alex;2023-07-27 03:00:00;0.0;0.0;278.397;0.0
CEARA;ALEX230kVA;Conjunto de Usinas;Solar;Conj. Alex;2023-07-27 04:00:00;0.0;0.0;278.397;0.0
CEARA;ALEX230kVA;Conjunto de Usinas;Solar;Conj. Alex;2023-07-27 05:00:00;1.5;0.394;278.397;0.0014152451355438
CEARA;ALEX230kVA;Conjunto de Usinas;Solar;Conj. Alex;2023-07-27 06:00:00;80.0;98.42;278.397;0.3535239244675768
CEARA;ALEX230kVA;Conjunto de Usinas;Solar;Conj. Alex;2023-07-27 07:00:00;171.5;236.391;278.397;0.8491147533917391
CEARA;ALEX230kVA;Conjunto de Usinas;Solar;Conj. Alex;2023-07-27 08:00:00;213.5;260.917;278.397;0.9372119670829786
CEARA;ALEX230kVA;Conjunto de Usinas;Solar;Conj. Alex;2023-07-27 09:00:00;222.0;270.699;278.397;0.972348839965948
CEARA;ALEX230kVA;Conjunto de Usinas;Solar;Conj. Alex;2023-07-27 10:00:00;225.0;268.934;278.397;0.966008972797839
CEARA;ALEX230kVA;Conjunto de Usinas;Solar;Conj. Alex;2023-07-27 11:00:00;224.0;252.697;278.397;0.9076857868439674
CEARA;ALEX230kVA;Conjunto de Usinas;Solar;Conj. Alex;2023-07-27 12:00:00;224.0;233.645;278.397;0.8392511413556898
CEARA;ALEX230kVA;Conjunto de Usinas;Solar;Conj. Alex;2023-07-27 13:00:00;219.0;211.086;278.397;0.7582193773639802
CEARA;ALEX230kVA;Conjunto de Usinas;Solar;Conj. Alex;2023-07-27 14:00:00;206.5;202.708;278.397;0.7281256622736595
CEARA;ALEX230kVA;Conjunto de Usinas;Solar;Conj. Alex;2023-07-27 15:00:00;172.0;186.379;278.397;0.6694720129886457
CEARA;ALEX230kVA;Conjunto de Usinas;Solar;Conj. Alex;2023-07-27 16:00:00;97.5;101.261;278.397;0.3637287758129577
CEARA;ALEX230kVA;Conjunto de Usinas;Solar;Conj. Alex;2023-07-27 17:00:00;4.5;8.16;278.397;0.0293106606752227
CEARA;ALEX230kVA;Conjunto de Usinas;Solar;Conj. Alex;2023-07-27 18:00:00;0.0;0.0;278.397;0.0
CEARA;ALEX230kVA;Conjunto de Usinas;Solar;Conj. Alex;2023-07-27 19:00:00;0.0;0.0;278.397;0.0
CEARA;ALEX230kVA;Conjunto de Usinas;Solar;Conj. Alex;2023-07-27 20:00:00;0.0;0.0;278.397;0.0
CEARA;ALEX230kVA;Conjunto de Usinas;Solar;Conj. Alex;2023-07-27 21:00:00;0.0;0.0;278.397;0.0
CEARA;ALEX230kVA;Conjunto de Usinas;Solar;Conj. Alex;2023-07-27 22:00:00;0.0;0.0;278.397;0.0
CEARA;ALEX230kVA;Conjunto de Usinas;Solar;Conj. Alex;2023-07-27 23:00:00;0.0;0.0;278.397;0.0
CEARA;ALEX230kVA;Conjunto de Usinas;Solar;Conj. Alex;2023-07-28 00:00:00;0.0;0.0;278.397;0.0
CEARA;ALEX230kVA;Conjunto de Usinas;Solar;Conj. Alex;2023-07-28 01:00:00;0.0;0.0;278.397;0.0
CEARA;ALEX230kVA;Conjunto de Usinas;Solar;Conj. Alex;2023-07-28 02:00:00;0.0;0.0;278.397;0.0
CEARA;ALEX230kVA;Conjunto de Usinas;Solar;Conj. Alex;2023-07-28 03:00:00;0.0;0.0;278.397;0.0
CEARA;ALEX230kVA;Conjunto de Usinas;Solar;Conj. Alex;2023-07-28 04:00:00;0.0;0.0;278.397;0.0
CEARA;ALEX230kVA;Conjunto de Usinas;Solar;Conj. Alex;2023-07-28 05:00:00;1.5;0.175;278.397;0.0006285987277161
CEARA;ALEX230kVA;Conjunto de Usinas;Solar;Conj. Alex;2023-07-28 06:00:00;81.5;85.085;278.397;0.3056247014156043
CEARA;ALEX230kVA;Conjunto de Usinas;Solar;Conj. Alex;2023-07-28 07:00:00;174.0;218.147;278.397;0.7835824380291454
CEARA;ALEX230kVA;Conjunto de Usinas;Solar;Conj. Alex;2023-07-28 08:00:00;216.5;242.938;278.397;0.8726315297937836
CEARA;ALEX230kVA;Conjunto de Usinas;Solar;Conj. Alex;2023-07-28 09:00:00;227.5;232.431;278.397;0.8348904621817045
CEARA;ALEX230kVA;Conjunto de Usinas;Solar;Conj. Alex;2023-07-28 10:00:00;229.5;243.794;278.397;0.8757062755704982
CEARA;ALEX230kVA;Conjunto de Usinas;Solar;Conj. Alex;2023-07-28 11:00:00;221.5;233.057;278.397;0.8371390496305635
CEARA;ALEX230kVA;Conjunto de Usinas;Solar;Conj. Alex;2023-07-28 12:00:00;210.5;227.819;278.397;0.8183241917118359
CEARA;ALEX230kVA;Conjunto de Usinas;Solar;Conj. Alex;2023-07-28 13:00:00;197.0;204.458;278.397;0.7344116495508213
CEARA;ALEX230kVA;Conjunto de Usinas;Solar;Conj. Alex;2023-07-28 14:00:00;177.5;198.767;278.397;0.7139696189254912
CEARA;ALEX230kVA;Conjunto de Usinas;Solar;Conj. Alex;2023-07-28 15:00:00;143.0;164.92;278.397;0.5923914409997234
CEARA;ALEX230kVA;Conjunto de Usinas;Solar;Conj. Alex;2023-07-28 16:00:00;81.0;130.778;278.397;0.4697536252186625
CEARA;ALEX230kVA;Conjunto de Usinas;Solar;Conj. Alex;2023-07-28 17:00:00;4.0;7.421;278.397;0.0266561780478956
CEARA;ALEX230kVA;Conjunto de Usinas;Solar;Conj. Alex;2023-07-28 18:00:00;0.0;0.0;278.397;0.0
CEARA;ALEX230kVA;Conjunto de Usinas;Solar;Conj. Alex;2023-07-28 19:00:00;0.0;0.0;278.397;0.0
CEARA;ALEX230kVA;Conjunto de Usinas;Solar;Conj. Alex;2023-07-28 20:00:00;0.0;0.0;278.397;0.0
CEARA;ALEX230kVA;Conjunto de Usinas;Solar;Conj. Alex;2023-07-28 21:00:00;0.0;0.0;278.397;0.0
CEARA;ALEX230kVA;Conjunto de Usinas;Solar;Conj. Alex;2023-07-28 22:00:00;0.0;0.0;278.397;0.0
CEARA;ALEX230kVA;Conjunto de Usinas;Solar;Conj. Alex;2023-07-28 23:00:00;0.0;0.0;278.397;0.0
CEARA;ALEX230kVA;Conjunto de Usinas;Solar;Conj. Alex;2023-07-29 00:00:00;0.0;0.0;278.397;0.0
CEARA;ALEX230kVA;Conjunto de Usinas;Solar;Conj. Alex;2023-07-29 01:00:00;0.0;0.0;278.397;0.0
CEARA;ALEX230kVA;Conjunto de Usinas;Solar;Conj. Alex;2023-07-29 02:00:00;0.0;0.0;278.397;0.0
CEARA;ALEX230kVA;Conjunto de Usinas;Solar;Conj. Alex;2023-07-29 03:00:00;0.0;0.0;278.397;0.0
CEARA;ALEX230kVA;Conjunto de Usinas;Solar;Conj. Alex;2023-07-29 04:00:00;0.0;0.0;278.397;0.0
CEARA;ALEX230kVA;Conjunto de Usinas;Solar;Conj. Alex;2023-07-29 05:00:00;1.5;0.193;278.397;0.0006932545968526
CEARA;ALEX230kVA;Conjunto de Usinas;Solar;Conj. Alex;2023-07-29 06:00:00;84.0;84.608;278.397;0.3039113208834865
CEARA;ALEX230kVA;Conjunto de Usinas;Solar;Conj. Alex;2023-07-29 07:00:00;189.5;221.795;278.397;0.7966860275074803
CEARA;ALEX230kVA;Conjunto de Usinas;Solar;Conj. Alex;2023-07-29 08:00:00;241.5;254.894;278.397;0.9155773948713528
CEARA;ALEX230kVA;Conjunto de Usinas;Solar;Conj. Alex;2023-07-29 09:00:00;255.0;265.216;278.397;0.9526539438284176
CEARA;ALEX230kVA;Conjunto de Usinas;Solar;Conj. Alex;2023-07-29 10:00:00;253.0;268.297;278.397;0.963720873428952
CEARA;ALEX230kVA;Conjunto de Usinas;Solar;Conj. Alex;2023-07-29 11:00:00;242.5;268.867;278.397;0.965768309284942
CEARA;ALEX230kVA;Conjunto de Usinas;Solar;Conj. Alex;2023-07-29 12:00:00;234.5;268.028;278.397;0.962754627384634
CEARA;ALEX230kVA;Conjunto de Usinas;Solar;Conj. Alex;2023-07-29 13:00:00;225.5;263.985;278.397;0.9482322007780256
CEARA;ALEX230kVA;Conjunto de Usinas;Solar;Conj. Alex;2023-07-29 14:00:00;211.5;253.807;278.397;0.9116728987740528
CEARA;ALEX230kVA;Conjunto de Usinas;Solar;Conj. Alex;2023-07-29 15:00:00;181.5;232.572;278.397;0.8353969331566072
CEARA;ALEX230kVA;Conjunto de Usinas;Solar;Conj. Alex;2023-07-29 16:00:00;115.0;136.866;278.397;0.4916216769577258
CEARA;ALEX230kVA;Conjunto de Usinas;Solar;Conj. Alex;2023-07-29 17:00:00;6.5;9.038;278.397;0.032464430291993
CEARA;ALEX230kVA;Conjunto de Usinas;Solar;Conj. Alex;2023-07-29 18:00:00;0.0;0.0;278.397;0.0
CEARA;ALEX230kVA;Conjunto de Usinas;Solar;Conj. Alex;2023-07-29 19:00:00;0.0;0.0;278.397;0.0
CEARA;ALEX230kVA;Conjunto de Usinas;Solar;Conj. Alex;2023-07-29 20:00:00;0.0;0.0;278.397;0.0
CEARA;ALEX230kVA;Conjunto de Usinas;Solar;Conj. Alex;2023-07-29 21:00:00;0.0;0.0;278.397;0.0
CEARA;ALEX230kVA;Conjunto de Usinas;Solar;Conj. Alex;2023-07-29 22:00:00;0.0;0.0;278.397;0.0
CEARA;ALEX230kVA;Conjunto de Usinas;Solar;Conj. Alex;2023-07-29 23:00:00;0.0;0.0;278.397;0.0
CEARA;ALEX230kVA;Conjunto de Usinas;Solar;Conj. Alex;2023-07-30 00:00:00;0.0;0.0;278.397;0.0
CEARA;ALEX230kVA;Conjunto de Usinas;Solar;Conj. Alex;2023-07-30 01:00:00;0.0;0.0;278.397;0.0
CEARA;ALEX230kVA;Conjunto de Usinas;Solar;Conj. Alex;2023-07-30 02:00:00;0.0;0.0;278.397;0.0
CEARA;ALEX230kVA;Conjunto de Usinas;Solar;Conj. Alex;2023-07-30 03:00:00;0.0;0.0;278.397;0.0
CEARA;ALEX230kVA;Conjunto de Usinas;Solar;Conj. Alex;2023-07-30 04:00:00;0.0;0.0;278.397;0.0
CEARA;ALEX230kVA;Conjunto de Usinas;Solar;Conj. Alex;2023-07-30 05:00:00;1.5;0.0;278.397;0.0
CEARA;ALEX230kVA;Conjunto de Usinas;Solar;Conj. Alex;2023-07-30 06:00:00;83.5;0.0;278.397;0.0
CEARA;ALEX230kVA;Conjunto de Usinas;Solar;Conj. Alex;2023-07-30 07:00:00;185.0;2.762;278.397;0.0099210839197261
CEARA;ALEX230kVA;Conjunto de Usinas;Solar;Conj. Alex;2023-07-30 08:00:00;203.5;33.736;278.397;0.1211794667327593
CEARA;ALEX230kVA;Conjunto de Usinas;Solar;Conj. Alex;2023-07-30 09:00:00;197.5;64.295;278.397;0.2309471725629227
CEARA;ALEX230kVA;Conjunto de Usinas;Solar;Conj. Alex;2023-07-30 10:00:00;197.0;96.58;278.397;0.3469146578447325
CEARA;ALEX230kVA;Conjunto de Usinas;Solar;Conj. Alex;2023-07-30 11:00:00;190.5;96.478;278.397;0.3465482745862922
CEARA;ALEX230kVA;Conjunto de Usinas;Solar;Conj. Alex;2023-07-30 12:00:00;191.0;118.822;278.397;0.4268077601410934
CEARA;ALEX230kVA;Conjunto de Usinas;Solar;Conj. Alex;2023-07-30 13:00:00;187.5;145.817;278.397;0.5237736038822257
CEARA;ALEX230kVA;Conjunto de Usinas;Solar;Conj. Alex;2023-07-30 14:00:00;191.0;152.364;278.397;0.5472903802842704
CEARA;ALEX230kVA;Conjunto de Usinas;Solar;Conj. Alex;2023-07-30 15:00:00;173.0;195.151;278.397;0.7009809732145103
CEARA;ALEX230kVA;Conjunto de Usinas;Solar;Conj. Alex;2023-07-30 16:00:00;111.5;129.549;278.397;0.4653390661537301
CEARA;ALEX230kVA;Conjunto de Usinas;Solar;Conj. Alex;2023-07-30 17:00:00;7.0;9.203;278.397;0.0330571090924111
CEARA;ALEX230kVA;Conjunto de Usinas;Solar;Conj. Alex;2023-07-30 18:00:00;0.0;0.0;278.397;0.0
CEARA;ALEX230kVA;Conjunto de Usinas;Solar;Conj. Alex;2023-07-30 19:00:00;0.0;0.0;278.397;0.0
CEARA;ALEX230kVA;Conjunto de Usinas;Solar;Conj. Alex;2023-07-30 20:00:00;0.0;0.0;278.397;0.0
CEARA;ALEX230kVA;Conjunto de Usinas;Solar;Conj. Alex;2023-07-30 21:00:00;0.0;0.0;278.397;0.0
CEARA;ALEX230kVA;Conjunto de Usinas;Solar;Conj. Alex;2023-07-30 22:00:00;0.0;0.0;278.397;0.0
CEARA;ALEX230kVA;Conjunto de Usinas;Solar;Conj. Alex;2023-07-30 23:00:00;0.0;0.0;278.397;0.0
CEARA;ALEX230kVA;Conjunto de Usinas;Solar;Conj. Alex;2023-07-31 00:00:00;0.0;0.0;278.397;0.0
CEARA;ALEX230kVA;Conjunto de Usinas;Solar;Conj. Alex;2023-07-31 01:00:00;0.0;0.0;278.397;0.0
CEARA;ALEX230kVA;Conjunto de Usinas;Solar;Conj. Alex;2023-07-31 02:00:00;0.0;0.0;278.397;0.0
CEARA;ALEX230kVA;Conjunto de Usinas;Solar;Conj. Alex;2023-07-31 03:00:00;0.0;0.0;278.397;0.0
CEARA;ALEX230kVA;Conjunto de Usinas;Solar;Conj. Alex;2023-07-31 04:00:00;0.0;0.0;278.397;0.0
CEARA;ALEX230kVA;Conjunto de Usinas;Solar;Conj. Alex;2023-07-31 05:00:00;1.5;0.36;278.397;0.0012931173827304
CEARA;ALEX230kVA;Conjunto de Usinas;Solar;Conj. Alex;2023-07-31 06:00:00;84.5;93.214;278.397;0.3348240103162031
CEARA;ALEX230kVA;Conjunto de Usinas;Solar;Conj. Alex;2023-07-31 07:00:00;193.0;232.347;278.397;0.8345887347924007
CEARA;ALEX230kVA;Conjunto de Usinas;Solar;Conj. Alex;2023-07-31 08:00:00;243.5;261.732;278.397;0.940139441157771
CEARA;ALEX230kVA;Conjunto de Usinas;Solar;Conj. Alex;2023-07-31 09:00:00;251.5;271.111;278.397;0.9738287409706282
CEARA;ALEX230kVA;Conjunto de Usinas;Solar;Conj. Alex;2023-07-31 10:00:00;248.0;272.634;278.397;0.979299345898124
CEARA;ALEX230kVA;Conjunto de Usinas;Solar;Conj. Alex;2023-07-31 11:00:00;239.0;273.021;278.397;0.9806894470845592
CEARA;ALEX230kVA;Conjunto de Usinas;Solar;Conj. Alex;2023-07-31 12:00:00;233.0;271.812;278.397;0.9763467278742228
CEARA;ALEX230kVA;Conjunto de Usinas;Solar;Conj. Alex;2023-07-31 13:00:00;226.5;267.162;278.397;0.9596439616806216
CEARA;ALEX230kVA;Conjunto de Usinas;Solar;Conj. Alex;2023-07-31 14:00:00;213.5;257.496;278.397;0.9249237599543098
CEARA;ALEX230kVA;Conjunto de Usinas;Solar;Conj. Alex;2023-07-31 15:00:00;184.0;236.62;278.397;0.8499373197268648
CEARA;ALEX230kVA;Conjunto de Usinas;Solar;Conj. Alex;2023-07-31 16:00:00;118.5;142.083;278.397;0.5103611030291274
CEARA;ALEX230kVA;Conjunto de Usinas;Solar;Conj. Alex;2023-07-31 17:00:00;7.5;9.89;278.397;0.0355248080977884
CEARA;ALEX230kVA;Conjunto de Usinas;Solar;Conj. Alex;2023-07-31 18:00:00;0.0;0.0;278.397;0.0
CEARA;ALEX230kVA;Conjunto de Usinas;Solar;Conj. Alex;2023-07-31 19:00:00;0.0;0.0;278.397;0.0
CEARA;ALEX230kVA;Conjunto de Usinas;Solar;Conj. Alex;2023-07-31 20:00:00;0.0;0.0;278.397;0.0
CEARA;ALEX230kVA;Conjunto de Usinas;Solar;Conj. Alex;2023-07-31 21:00:00;0.0;0.0;278.397;0.0
CEARA;ALEX230kVA;Conjunto de Usinas;Solar;Conj. Alex;2023-07-31 22:00:00;0.0;0.0;278.397;0.0
CEARA;ALEX230kVA;Conjunto de Usinas;Solar;Conj. Alex;2023-07-31 23:00:00;0.0;0.0;278.397;0.0
